Session ID,Turn,Question,Expected Chunk ID,Actual Chunk ID,Expected Answer,Found,Actual Answer,Result,Comments,Reasons for Failure
1,1,สอบถามหน่อยครับ ต้นเดือนหน้าผมจะเริ่มว่างงาน ถ้าผมต้องการเงินชดเชยกรณีว่างงานต้องทำยังไงครับ,13,"13,1,17,27,28,44,37,45,36,43,8,40","ได้เลยครับ เบื้องต้นผมของสอบถามข้อมูลเพิ่มเติม ดังนี้
1. คุณเป็นผู้ประกันตนที่ส่งเงินสมทบครบ 6 เดือน ภายใน 15 เดือนก่อนการว่างงานหรือไม่
2. คุณอยู่ในกรณีใด
     - ถูกเลิกจ้าง
     - ลาออกหรือสิ้นสุดสัญญาจ้างที่มีกำหนดระยะเวลาการจ้างไว้แน่นอน
     - ทำงานไม่ได้จากเหตุสุดวิสัย เช่น เหตุเกิดจากภัยธรรมชาติที่ทำให้นายจ้างไม่สามารถประกอบกิจการได้ตามปกติ",True,"สวัสดีค่ะ ดิฉันน้องออมสุข จากสำนักงานประกันสังคม ยินดีช่วยตรวจข้อมูล ‘คู่มือผู้ประกันตน’ ค่ะ

กรณีว่างงาน ผู้ประกันตนต้องส่งเงินสมทบมาแล้ว 6 เดือน ภายใน 15 เดือนก่อนการว่างงานค่ะ

หากถูกเลิกจ้าง จะได้รับเงินทดแทนการขาดรายได้ร้อยละ 50 ของค่าจ้าง ครั้งละไม่เกิน 180 วันค่ะ

หากลาออกหรือสิ้นสุดสัญญาจ้าง จะได้รับเงินทดแทนการขาดรายได้ร้อยละ 30 ของค่าจ้าง ครั้งละไม่เกิน 90 วันค่ะ

ทั้งนี้ ผู้ประกันตนต้องขึ้นทะเบียนผู้ว่างงานและรายงานตัวทางอินเทอร์เน็ตที่เว็บไซต์ www.empui.doe.go.th ภายใน 30 วัน นับแต่วันที่ถูกเลิกจ้างหรือลาออก หรือสิ้นสุดสัญญาจ้าง เพื่อไม่ให้เสียสิทธิในการรับเงินทดแทนการขาดรายได้กรณีว่างงานค่ะ

ไม่ทราบว่าสนใจรายละเอียดตรงไหนเพิ่มเติมไหมคะ?",True,"Retrieval includes the expected chunk. The answer correctly outlines eligibility, benefit rates, and the registration steps; while it doesn’t follow the expected probing-questions format, the content is accurate and helpful.",
1,2,"1. ใช่ครับ
2.ลาออกเองครับ",13,"20,15,13,21,1,16,17,4,0,24,37,5","หากคุณเป็นผู้ประกันตนที่ส่งเงินสมทบครบ 6 เดือน ภายใน 15 เดือนก่อนการว่างงาน และอยู่ในกรณีที่ 2 คือลาออก คุณจะได้รับเงินทดแทน โดยมีรายละเอียด ดังนี้
- ได้รับเงินทดแทนการขาดรายได้ในระหว่างการว่างงานร้อยละ 30 ของค่าจ้าง ครั้งละไม่เกิน 90 วัน
- หากใน 1 ปีปฏิทิน มีการยื่นขอรับเงินทดแทนการขาดรายได้
ในระหว่างการว่างงาน ให้นับระยะเวลาการรับเงินทดแทนการขาดรายได้ในระหว่างการว่างงาน รวมกันไม่เกิน 180 วัน
- หากใน 1 ปีปฏิทิน มีการยื่นขอรับเงินทดแทนการขาดรายได้
ในระหว่างการว่างงาน เกิน 1 ครั้ง ให้นับระยะเวลาการรับเงินทดแทนการขาดรายได้ในระหว่างการว่างงาน รวมกันไม่เกิน 90 วัน

โดยผู้ประกันตนต้องขึ้นทะเบียนผู้ว่างงานและรายงานตัว
ทางระบบอินเตอร์เน็ต (เว็บไซต์ www.empui.doe.go.th) ภายใน
30 วัน นับแต่วันที่ถูกเลิกจ้างหรือลาออก หรือสิ้นสุดสัญญาจ้างฯ
เพื่อมิให้เสียสิทธิในการรับเงินทดแทนการขาดรายได้กรณีว่างงาน",True,"สวัสดีค่ะ ดิฉันน้องออมสุข จากสำนักงานประกันสังคม ยินดีช่วยตรวจข้อมูล ‘คู่มือผู้ประกันตน’ ค่ะ

กรณีลาออกเอง ผู้ประกันตนต้องส่งเงินสมทบมาแล้ว 6 เดือน ภายใน 15 เดือนก่อนการลาออกค่ะ

จะได้รับเงินทดแทนการขาดรายได้ในระหว่างการว่างงาน ร้อยละ 30 ของค่าจ้าง ครั้งละไม่เกิน 90 วันค่ะ

ผู้ประกันตนต้องขึ้นทะเบียนผู้ว่างงานและรายงานตัวทางอินเทอร์เน็ตที่เว็บไซต์ www.empui.doe.go.th ภายใน 30 วัน นับแต่วันที่ลาออก เพื่อไม่ให้เสียสิทธิในการรับเงินทดแทนการขาดรายได้กรณีว่างงานค่ะ

ไม่ทราบว่าสนใจรายละเอียดตรงไหนเพิ่มเติมไหมคะ?",True,"Retrieval includes the expected chunk 13, so acceptable. The answer correctly states eligibility (6 of 15 months), benefit level (30% up to 90 days), and registration requirement within 30 days. Minor omission of the calendar-year cumulative limit details, but overall content is accurate for the resignation case.",
2,1,ถ้าต้องการยื่นขึ้นทะเบียนประกันสังคมต้องใช้เอกสารอะไรบ้าง,1,"17,1,0,24,44,25,21,23,46,20,49,15","หลักฐานประจำตัวผู้ประกันตน มีดังนี้
1. สำหรับผู้ประกันตนที่เป็นคนไทยจะใช้บัตรประจำตัวประชาชนแทนบัตรประกันสังคม
2. ผู้ประกันตนที่เป็นคนต่างด้าวที่ทำงานโดยมีใบอนุญาตทำงานจะได้รับบัตรประกันสังคม เพื่อใช้ติดต่อกับสำนักงานประกันสังคม
3. ผู้ประกันตนที่เป็นคนต่างด้าวที่มีบัตรประจำตัวที่กรมการปกครองออกให้ หรือผู้ประกันตนต่างด้าวที่มีใบสำคัญประจำตัวคนต่างด้าวให้ใช้เอกสารดังกล่าวแทนบัตรประกันสังคม เพื่อใช้ติดต่อกับสำนักงานประกันสังคม",True,"สวัสดีค่ะ ดิฉันน้องออมสุข จากสำนักงานประกันสังคม ยินดีช่วยตรวจข้อมูล ‘คู่มือผู้ประกันตน’ ค่ะ

สำหรับการขึ้นทะเบียนผู้ประกันตน จะมีเอกสารที่ต้องใช้แตกต่างกันไปตามมาตราที่สมัครนะคะ

**กรณีเป็นนายจ้างที่ต้องขึ้นทะเบียนนายจ้างและลูกจ้าง:**
*   นายจ้างที่มีลูกจ้างตั้งแต่ 1 คนขึ้นไป ต้องขึ้นทะเบียนนายจ้างพร้อมกับขึ้นทะเบียนลูกจ้างที่เป็นผู้ประกันตนภายใน 30 วัน นับตั้งแต่มีลูกจ้าง 1 คนขึ้นไป
*   เมื่อรับลูกจ้างใหม่เพิ่มขึ้น ต้องแจ้งขึ้นทะเบียนลูกจ้างใหม่ภายใน 30 วัน นับแต่วันที่ลูกจ้างเข้าทำงาน

**หลักฐานประจำตัวผู้ประกันตน:**
*   **ผู้ประกันตนที่เป็นคนไทย:** ใช้บัตรประจำตัวประชาชน
*   **ผู้ประกันตนที่เป็นคนต่างด้าว:**
    *   ที่ทำงานโดยมีใบอนุญาตทำงาน จะได้รับบัตรประกันสังคม
    *   ที่มีบัตรประจำตัวที่กรมการปกครองออกให้ หรือใบสำคัญประจำตัวคนต่างด้าว ให้ใช้เอกสารดังกล่าวแทนบัตรประกันสังคม

ไม่ทราบว่าคุณสนใจรายละเอียดการขึ้นทะเบียนสำหรับมาตราใดเป็นพิเศษไหมคะ หรือต้องการสอบถามข้อมูลส่วนอื่นเพิ่มเติมไหมคะ",True,"Retrieval is acceptable as it includes the expected chunk despite extra ones. The answer correctly lists the required identity documents for insured persons, matching the expected content, with some additional (non-harmful) context about registration timelines.",
2,2,แล้วต้องไปยื่นขึ้นทะเบียนที่ไหน,1,"23,1,0,49,44,14,19,25,17,24,21,46","- กรณีนายจ้าง ที่มีสำนักงานใหญ่ตั้งอยู่ในเขตกรุงเทพมหานครให้ยื่นแบบได้ที่สำนักงานประกันสังคมกรุงเทพมหานครพื้นที่นที่สถานประกอบการตั้งอยู่
- กรณีนายจ้าง ที่มีสำนักงานใหญ่ในส่วนภูมิภาคให้ยื่นแบบขึ้นทะเบียนได้ที่สำนักงานประกันสังคมจังหวัดที่สถานประกอบการตั้งอยู่

***นายจ้างสามารถทำธุรกรรมผ่านทางอินเตอร์เน็ตได้ที่ www.sso.go.th***",True,"การขึ้นทะเบียนผู้ประกันตน สามารถยื่นได้ที่สำนักงานประกันสังคมกรุงเทพมหานครพื้นที่ หรือสำนักงานประกันสังคมจังหวัดที่สถานประกอบการตั้งอยู่ค่ะ

นอกจากนี้ นายจ้างยังสามารถทำธุรกรรมผ่านทางอินเทอร์เน็ตได้ที่ www.sso.go.th ด้วยนะคะ

ไม่ทราบว่าต้องการสอบถามข้อมูลส่วนอื่นเพิ่มเติมไหมคะ",True,"Mostly correct and aligned. Retrieval includes the expected chunk, and the answer conveys the correct offices and online option; minor wording difference (doesn’t explicitly mention HQ condition) but meaning is preserved.",
2,3,ต้องไปยื่นภายในกี่วัน,1,"44,49,21,13,16,17,1,6,46,20,28,7",เมื่อมีการรับลูกจ้างใหม่เพิ่มขึ้นต้องแจ้งขึ้นทะเบียนลูกจ้างใหม่ภายใน 30 วัน นับแต่ลูกจ้างเข้าทำงานครับ,True,"การยื่นขึ้นทะเบียนผู้ประกันตน จะต้องดำเนินการภายใน 30 วัน นับตั้งแต่มีลูกจ้าง 1 คนขึ้นไปค่ะ

หากมีข้อสงสัยเพิ่มเติม สอบถามได้เลยนะคะ",True,"Answer matches the key requirement (30 days) and context of registering employees/insured persons; wording differs slightly but is acceptable. Retrieval includes the expected chunk, though with extra irrelevant ones.",
3,1,ผมไข้ขึ้นที่ต่างจังหวัด ไปรพ.ที่ลงทะเบียนไว้ไม่ได้ ถ้าผมไปเข้า รพ.เอกชน ในต่างจังหวัด จะเบิกได้ไหม,2,"43,4,3,2,8,1,6,7,46,22,27,25","คุณสามารถเบิกค่ารักษากับสำนักงานประกันสังคมได้ครับ หากคุณเป็นผู้ประกันตนที่ส่งเงินสมทบครบ 3 เดือน ภายใน 15 เดือนก่อนเดือนที่เจ็บป่วย โดยกรณีการประสบเจ็บป่วยฉุกเฉิน ไม่สามารถเข้ารับบริการ ณ สถานพยาบาลที่กำหนดสิทธิได้ เมื่อเข้ารับการบริการทางการแพทย์ ณ สถานพยาบาลอื่น ซึ่งหากคุณต้องการเข้ารักษาใน รพ.เอกชน สำนักงานประกันสังคมจ่ายค่าบริการทางการแพทย์ให้แก่ผู้ประกันตนหรือสถานพยาบาล ดังนี้
1. ผู้ป่วยนอก
: ให้ได้รับค่าบริการทางการแพทย์ตามจำนวนเท่าที่จ่ายจริงไม่เกิน 1,000 บาท
2. ผู้ป่วยใน
: ให้ได้รับค่าบริการทางการแพทย์เฉพาะค่าใช้จ่ายที่เกิดขึ้นจริงตามความจำเป็น ภายในระยะเวลาไม่เกิน 72 ชั่วโมงแรก โดยไม่รวมวันหยุดราชการ ตามหลักเกณฑ์และจำนวนเงินทดแทนค่าบริการทางการแพทย์กรณีประสบอันตรายหรือเจ็บป่วยฉุกเฉิน ดังนี้
- ค่ารักษาพยาบาลแต่ไม่เกินวันละ 2,000 บาท
- ค่าห้องและค่าอาหาร ตามจำนวนเท่าที่จ่ายจริงไม่เกินวันละ 700 บาท
- ค่าห้อง ค่าอาหาร ค่ารักษาพยาบาล กรณีที่รักษาในห้อง ICU ตามจำนวนเท่าที่จ่ายจริงแต่ไม่เกินวันละ 4,500 บาท
",True,"สวัสดีค่ะ ดิฉันน้องออมสุข จากสำนักงานประกันสังคม ยินดีช่วยตรวจข้อมูล ‘คู่มือผู้ประกันตน’ ค่ะ

กรณีผู้ประกันตนประสบอันตรายหรือเจ็บป่วยฉุกเฉิน และไม่สามารถเข้ารับบริการ ณ สถานพยาบาลที่กำหนดสิทธิได้ หากเข้ารับการบริการทางการแพทย์ ณ สถานพยาบาลอื่น สำนักงานประกันสังคมจะจ่ายค่าบริการทางการแพทย์ให้แก่ผู้ประกันตนหรือสถานพยาบาลค่ะ

สำหรับโรงพยาบาลเอกชน ผู้ป่วยนอก จะได้รับค่าบริการทางการแพทย์ตามจำนวนเท่าที่จ่ายจริง ไม่เกิน 1,000 บาทค่ะ

ผู้ป่วยใน จะได้รับค่าบริการทางการแพทย์เฉพาะค่าใช้จ่ายที่เกิดขึ้นจริงตามความจำเป็น ภายในระยะเวลาไม่เกิน 72 ชั่วโมงแรก โดยไม่รวมวันหยุดราชการ ตามหลักเกณฑ์และจำนวนเงินทดแทนค่าบริการทางการแพทย์กรณีประสบอันตรายหรือเจ็บป่วยฉุกเฉิน ดังนี้ค่ะ

*   ค่ารักษาพยาบาลแต่ไม่เกินวันละ 2,000 บาท
*   ค่าห้องและค่าอาหาร ตามจำนวนเท่าที่จ่ายจริงไม่เกินวันละ 700 บาท
*   ค่าห้อง ค่าอาหาร ค่ารักษาพยาบาล กรณีที่รักษาในห้อง ICU ตามจำนวนเท่าที่จ่ายจริงแต่ไม่เกินวันละ 4,500 บาท
*   กรณีที่มีความจำเป็นต้องผ่าตัดใหญ่ กำหนดอัตราตามระยะเวลาการผ่าตัด ไม่เกินครั้งละ 8,000-16,000 บาท ตามระยะเวลาการผ่าตัด
*   ค่าฟื้นคืนชีพ (cardiopulmonary resuscitation-cpr) รวมค่ายาและอุปกรณ์เท่าที่จ่ายจริงไม่เกิน 4,000 บาทต่อราย
*   ค่าตรวจทางห้องปฏิบัติการและหรือค่าเอกซเรย์ เท่าที่จ่ายจริงแต่ไม่เกิน 1,000 บาทต่อราย
*   ค่าตรวจวินิจฉัยพิเศษอื่นๆ จ่ายตามรายการและอัตราดังต่อไปนี้
    *   EKG, ECG เท่าที่จ่ายจริงไม่เกิน 300 บาทต่อราย
    *   Echocardiography เท่าที่จ่ายจริงไม่เกิน 1,500 บาทต่อราย
    *   EEG เท่าที่จ่ายจริงไม่เกิน 300 บาทต่อราย
    *   Ultrasound เท่าที่จ่ายจริงไม่เกิน 1,000 บาทต่อราย
    *   CAG เท่าที่จ่ายจริงไม่เกิน 15,00",True,"Mostly correct and aligned with expected info; retrieval includes the expected chunk. The answer clearly explains emergency-case coverage and reimbursement limits, though it omits the contribution eligibility detail and has a minor typo on one amount.",
3,2,แค่อยากไปให้หมอตรวจแล้วเอายามากินครับ ไม่อยากแอดมิด พรุ่งนี้มีงานต้องไปทำต่อครับ,2,"49,6,2,3,4,1,8,34,15,47,45,17","กรณีผู้ป่วยนอก และไม่สามารถเข้ารับบริการ ณ สถานพยาบาลที่กำหนดสิทธิได้ คุณมีสิทธิ์ได้รับค่าบริการทางการแพทย์ตามจำนวนเท่าที่จ่ายจริงไม่เกิน 1,000 บาทครับ",True,"สวัสดีค่ะ ดิฉันน้องออมสุข จากสำนักงานประกันสังคม ยินดีช่วยตรวจข้อมูล ‘คู่มือผู้ประกันตน’ ค่ะ

กรณีที่คุณต้องการไปพบแพทย์เพื่อตรวจและรับยา โดยไม่ต้องการแอดมิท และต้องการกลับไปทำงานในวันพรุ่งนี้ สามารถเข้ารับการรักษาแบบผู้ป่วยนอกได้ค่ะ

หากคุณประสบอันตรายหรือเจ็บป่วยฉุกเฉิน และไม่สามารถเข้ารับบริการ ณ สถานพยาบาลที่ลงทะเบียนไว้ได้ คุณสามารถเข้ารับการรักษาที่โรงพยาบาลเอกชนในต่างจังหวัดได้ค่ะ

สำหรับค่าบริการทางการแพทย์กรณีผู้ป่วยนอกที่โรงพยาบาลเอกชน สำนักงานประกันสังคมจะจ่ายให้ตามจำนวนที่จ่ายจริง แต่ไม่เกิน 1,000 บาทค่ะ

ไม่ทราบว่าสนใจรายละเอียดตรงไหนเพิ่มเติมไหมคะ",True,"Retrieval includes the expected chunk. The answer correctly states outpatient coverage and the 1,000 THB reimbursement cap, though it adds an emergency condition that’s slightly more restrictive than necessary. Overall, content is mostly correct and acceptable.",
3,3,แล้วในกรณีนี้ผมต้องทำเรื่องเบิกยังไง,2,"43,45,25,1,17,7,44,5,46,4,21,18",ขออภัยครับ ข้อมูลส่วนนี้ไม่ปรากฎในคู่มือประกันตนที่ผมเข้าถึง ณ ตอนนี้ จึงยืนยันคำตอบให้ไม่ได้ครับ ,False,"สวัสดีค่ะ ดิฉันน้องออมสุข จากสำนักงานประกันสังคม ยินดีช่วยตรวจข้อมูล ‘คู่มือผู้ประกันตน’ ค่ะ

ในกรณีที่คุณเข้ารับการรักษาที่โรงพยาบาลเอกชนในต่างจังหวัด เนื่องจากเจ็บป่วยฉุกเฉินและไม่สามารถไปโรงพยาบาลที่ลงทะเบียนไว้ได้ คุณจะต้องสำรองจ่ายค่ารักษาพยาบาลไปก่อน จากนั้นจึงยื่นเรื่องเบิกกับสำนักงานประกันสังคมค่ะ

เอกสารที่ต้องใช้ในการเบิกมีดังนี้ค่ะ

*   แบบฟอร์มการขอเบิกค่ารักษาพยาบาล (สามารถดาวน์โหลดได้จากเว็บไซต์สำนักงานประกันสังคม หรือติดต่อขอรับได้ที่สำนักงานฯ)
*   ใบเสร็จรับเงินค่ารักษาพยาบาลฉบับจริง
*   ใบรับรองแพทย์
*   สำเนาบัตรประจำตัวประชาชนของผู้ประกันตน
*   สำเนาหน้าสมุดบัญชีเงินฝากธนาคารของผู้ประกันตน เพื่อให้สำนักงานฯ โอนเงินค่าสินไหมทดแทนเข้าบัญชี

คุณสามารถยื่นเอกสารทั้งหมดได้ที่สำนักงานประกันสังคมกรุงเทพมหานครพื้นที่ หรือสำนักงานประกันสังคมจังหวัดที่สะดวกค่ะ

ไม่ทราบว่าต้องการให้ช่วยตรวจสอบข้อมูลส่วนไหนเพิ่มเติมไหมคะ",False,"Retrieval missed the expected chunk (2), so context alignment is poor. The answer provides specific reimbursement steps that are not supported by the retrieved chunks and contradict the expected response of being unable to confirm. Both retrieval and answer content are incorrect for this turn.","[
  ""Missing expected chunk; retrieval failure causing unsupported or hallucinated content"",
  ""Failed to follow “information unavailable” fallback; provided unsupported guidance instead""
]"
4,1,ผมสามารถโทรถามข้อมูลได้ไหมครับ,47,"50,39,45,14,46,49,52,21,43,4,2,38",ได้ครับ ขอทราบหน่วยงานสังกัดสำนักงานประกันสังคมหรือจังหวัดที่อยู่ของคุณครับ,False,"สวัสดีค่ะ ดิฉันน้องออมสุข จากสำนักงานประกันสังคม ยินดีช่วยตรวจข้อมูล ‘คู่มือผู้ประกันตน’ ค่ะ

คุณสามารถติดต่อสอบถามข้อมูลเพิ่มเติมได้ที่ สายด่วน 1506 ซึ่งให้บริการตลอด 24 ชั่วโมงค่ะ

ไม่ทราบว่าสนใจรายละเอียดตรงไหนเพิ่มเติมไหมคะ?",True,"Answer is correct and helpful, confirming they can call and providing the 1506 hotline. Retrieval did not include the expected chunk, so retrieval accuracy is weak, but the content sufficiently addresses the question.",
4,2,ผมอยู่สงขลาครับ,47,"52,51,1,0,6,16,25,9,28,23,4,41","หมายเลขโทรศัทพ์หน่วยงานสังกัดสำนักงานประกันสังคมของคุณ มีดังนี้ครับ
- สำนักงานประกันสังคมจังหวัดสงขลา โทร 0 7430 0550
   - สาขาหาดใหญ่ โทร 0 7455 9600-4
   - สาขาสะเดา 0 7424 1317, 0 7424 1319",False,"สวัสดีค่ะ ดิฉันน้องออมสุข จากสำนักงานประกันสังคม ยินดีช่วยตรวจข้อมูล ‘คู่มือผู้ประกันตน’ ค่ะ

สำหรับผู้ที่อยู่จังหวัดสงขลา สามารถติดต่อสอบถามข้อมูลเพิ่มเติมได้ที่ สำนักงานประกันสังคมจังหวัดสงขลา หรือสาขาในพื้นที่ค่ะ

ไม่ทราบว่าสนใจรายละเอียดตรงไหนเพิ่มเติมไหมคะ?",False,"Retrieval missed the expected chunk (47), and the answer is too generic—no phone numbers provided. Essential details from the expected answer are omitted, so both retrieval and content are insufficient.","[
  ""Missing expected chunk; retrieval failure causing unsupported or hallucinated content"",
  ""Incomplete answers omitting essential details, numbers, or specific requested information"",
  ""Irrelevant, generic, or off-topic responses not using retrieved context properly""
]"
5,1,ผมสามารถเบิกค่าดัดฟันกับประกันสังคมได้ไหมครับ,2,"5,1,7,21,2,25,8,19,14,9,6,28",ไม่ได้ครับ กรณีเบิกสำหรับค่ารักษาดัดฟันจะอยู่นอกเหนือกรณีที่ประกันสังคมระบุไว้นะครับ,True,"สวัสดีค่ะ ดิฉันน้องออมสุข จากสำนักงานประกันสังคม ยินดีช่วยตรวจข้อมูล ‘คู่มือผู้ประกันตน’ ค่ะ

กรณีการดัดฟันนั้น ไม่ปรากฏในสิทธิประโยชน์ที่สามารถเบิกได้จากประกันสังคมตามคู่มือผู้ประกันตนค่ะ

ไม่ทราบว่าสนใจรายละเอียดสิทธิประโยชน์ด้านอื่นเพิ่มเติมไหมคะ?",True,"Retrieval is acceptable as it includes the expected chunk (2) despite extra IDs. The answer correctly states that orthodontic treatment cannot be claimed under social security benefits, matching the expected meaning.",
5,2,แล้วถ้าไปหาหมอฟันที่คลินิคสามารถเบิกค่าอะไรได้บ้างครับ,2,"5,7,2,43,3,1,8,36,41,27,28,9","กรณีทันตกรรมที่ประกันสังคมระบุไว้มีดังนี้

- กรณีถอนฟัน อุดฟัน ขูดหินปูน และผ่าตัด ฟันคุดให้ผู้ประกันตนมีสิทธิได้รับค่าบริการทางการแพทย์เท่าที่จ่ายจริงตามความจำเป็นในอัตราไม่เกิน 900 บาท ต่อปี

ในกรณีที่ผู้ประกันตนเข้ารับบริการทางการแพทย์ ณ สถานพยาบาจ
ที่ทำความตกลงกับสำนักงานประกันสังคมให้ผู้ประกันตนจ่ายค่าบริการทางการแพทย์ให้กับสถานพยาบาล ส่วนเกินจากสิทธิที่ได้รับ
- กรณีใส่ฟันเทียมชนิดถอดได้บางส่วน จะได้รับค่าบริการทางการแพทย์และค่าฟันเทียม เท่าที่จ่ายจริงตามความจำเป็นไม่เกิน 1,500 บาท ภายในระยะเวลา 5 ปี นับแต่วันที่ใส่ฟันเทียม ดังนี้
   1) 1-5 ซี่ เท่าที่จ่ายจริงตามความจำเป็น ไม่เกิน 1,300 บาท
   2) มากกว่า 5 ชี่ เท่าที่จ่ายจริงตามความจำเป็นไม่เกิน 1,500 บาท
- กรณีใส่ฟันเทียมชนิดถอดได้ทั้งปาก เบิกได้เท่าที่จ่ายจริง ไม่เกิน 4,400 บาท ภายใน 5 ปี นับแต่วันที่ใส่ฟันเทียมตามหลักเกณฑ์ ดังนี้
   1) ฟันเทียมชนิดถอดได้ทั้งปากบนหรือล่างเท่าที่จ่ายจริงไม่เกิน 2,400 บาท
   2) ฟันเทียมชนิดถอดได้ทั้งปากบนและล่างเท่าที่จ่ายจริงไม่เกิน 4,400 บาท",True,"สวัสดีค่ะ ดิฉันน้องออมสุข จากสำนักงานประกันสังคม ยินดีช่วยตรวจข้อมูล ‘คู่มือผู้ประกันตน’ ค่ะ

กรณีผู้ประกันตนเข้ารับบริการทางการแพทย์ ณ สถานพยาบาลที่ทำความตกลงกับสำนักงานประกันสังคม สามารถเบิกค่าบริการทันตกรรมได้ดังนี้ค่ะ

*   **ถอนฟัน อุดฟัน ขูดหินปูน และผ่าตัดฟันคุด:** เบิกได้ตามที่จ่ายจริง ไม่เกิน 900 บาทต่อปี
*   **ใส่ฟันเทียมชนิดถอดได้บางส่วน:** เบิกได้ตามที่จ่ายจริง ไม่เกิน 1,500 บาท ภายใน 5 ปี
*   **ใส่ฟันเทียมชนิดถอดได้ทั้งปาก:** เบิกได้ตามที่จ่ายจริง ไม่เกิน 4,400 บาท ภายใน 5 ปี

ไม่ทราบว่าต้องการสอบถามรายละเอียดเพิ่มเติมเกี่ยวกับสิทธิประโยชน์ด้านทันตกรรม หรือด้านอื่น ๆ อีกไหมคะ?",True,"Retrieval is acceptable as it includes the expected chunk. The answer is mostly correct and aligns with the benefits, but it omits sub-limits (1–5 teeth = 1,300 baht; per-arch 2,400 baht) and the note about paying any excess, making it slightly vague but acceptable.",
6,1,ต้องการเปลี่ยนแปลงข้อมูลผู้ประกันตนต้องทำยังไง,0,"25,1,0,21,2,23,17,45,39,24,43,14",กรณีที่ผู้ประกันตนเปลี่ยนแปลงชื่อ-ชื่อสกุล หรือข้อมูลสถานภาพครอบครัวและข้อมูลจำนวนบุตรให้นายจ้างแจ้งภายในวันที่ 15 ของเดือนถัดจากเดือนที่มีการเปลี่ยนแปลง โดยใช้แบบแจ้งการเปลี่ยนแปลงข้อเท็จจริงของผู้ประกันตน (สปส.6-10),True,"หากต้องการเปลี่ยนแปลงข้อมูลผู้ประกันตน เช่น ชื่อ-ชื่อสกุล หรือข้อมูลสถานภาพครอบครัวและจำนวนบุตร นายจ้างจะต้องแจ้งการเปลี่ยนแปลงภายในวันที่ 15 ของเดือนถัดจากเดือนที่มีการเปลี่ยนแปลง โดยใช้แบบแจ้งการเปลี่ยนแปลงข้อเท็จจริงของผู้ประกันตน (สปส.6-10) ค่ะ

ไม่ทราบว่าต้องการสอบถามรายละเอียดเพิ่มเติมเกี่ยวกับเรื่องนี้ไหมคะ",True,Answer clearly matches the expected instructions (deadline and form สปส.6-10); retrieval includes the expected chunk. Minor extra politeness only.,
6,2,ถ้าแจ้งช้ากว่าวันที่ 15 ของเดือนถัดจากที่มีการเปลี่ยนแปลง จะเกิดอะไรขึ้น หรือขะทำยังไงได้บ้าง,0,"44,46,1,13,21,16,20,2,39,38,28,45",ขออภัยครับ ข้อมูลส่วนนี้ไม่ปรากฎในคู่มือประกันตนที่ผมเข้าถึง ณ ตอนนี้ จึงยืนยันคำตอบให้ไม่ได้ครับ ,False,"หากนายจ้างแจ้งการเปลี่ยนแปลงข้อเท็จจริงของผู้ประกันตนล่าช้ากว่าวันที่ 15 ของเดือนถัดจากเดือนที่มีการเปลี่ยนแปลง จะถือว่าเป็นการแจ้งล่าช้าค่ะ

ในกรณีนี้ หากต้องการดำเนินการแก้ไขข้อมูล สามารถติดต่อสอบถามรายละเอียดเพิ่มเติมได้ที่สำนักงานประกันสังคมในพื้นที่ หรือโทรสายด่วน 1506 ค่ะ",False,"Retrieval missed the expected chunk and does not show clear overlap. The answer asserts a policy (“ถือว่าเป็นการแจ้งล่าช้า”) instead of acknowledging lack of information as in the expected reply, making the content unsupported despite offering a reasonable next step.","[
  ""Missing expected chunk; retrieval failure causing unsupported or hallucinated content"",
  ""Failed to follow “information unavailable” fallback; provided unsupported guidance instead""
]"
7,1,เบิกค่าคลอดบุตรยังไงได้บ้าง,7,"7,1,27,18,28,10,40,43,15,12,44,14","ผูู้ประกันตนที่ส่งเงินสมทบครบ 5 เดือน ภายใน 15 เดือน
ก่อนเดือนที่คลอดมีสิทธิได้รับค่าคลอดบุตรโดยไม่จํากัดจํานวนครั้ง
ดังนี้
2.1 ผู้ประกันตนหญิง สามารถคลอดบุตรที่สถานพยาบาลใดก็ได้ แล้วนำสำเนาสูติบัตรของบุตร บัตรประจำตัวประชาชนมายื่นเรื่องที่สำนักงานประกันสังคมจะได้รับเงินค่าคลอดบุตรเหมาจ่าย จำนวน 13,000 บาท และยังจะได้รับเงินสงเคราะห์การหยุดงานเพื่อการคลอดบุตรอีก ในอัตราร้อยละ 50 ของค่าจ้างเฉลี่ยเป็นเวลา 90 วัน
**หมายเหตุ (เงินสงเคราะห์การหยุดงานเพื่อการคลอดบุตร เบิกได้ไม่เกิน 2 ครั้ง)**
2.2 ผู้ประกันตนชาย ที่มีภริยาจดทะเบียนสมรสหรือหญิง ซึ่งอยู่กินกันฉันสามีภริยาแต่มิได้จดทะเบียนสมรส สามารถเบิกค่าคลอดบุตรได้ โดยนำสำเนาสูติบัตรของบุตร สำเนาทะเบียนสมรส (ถ้ามี) หรือหนังสือรับรองกรณีไม่มีทะเบียนสมรส (เฉพาะกรณีผู้ประกันตนไม่ได้จดทะเบียนสมรสกับภริยา) มาเบิกเงินที่สำนักงานประกันสังคม จะได้รับเฉพาะเงินค่าคลอดบุตรเหมาจ่าย จำนวน 13,000 บาท
2.3 ค่าตรวจและรับฝากครรภ์
อายุครรภ์ไม่เกิน 12 สัปดาห์ จ่ายในอัตราเท่าที่จ่ายจริง ไม่เกิน 500 บาท
อายุครรภ์มากกว่า 12 สัปดาห์ แต่ไม่เกิน 20 สัปดาห์ จ่ายในอัตราเท่าที่จ่ายจริงไม่เกิน 300 บาท
อายุครรภ์มากกว่า 20 สัปดาห์ แต่ไม่เกิน 28 สัปดาห์ จ่ายในอัตราเท่าที่จ่ายจริงไม่เกิน 200 บาท",True,"สวัสดีค่ะ ดิฉันน้องออมสุข จากสำนักงานประกันสังคม ยินดีช่วยตรวจข้อมูล ‘คู่มือผู้ประกันตน’ ค่ะ

ผู้ประกันตนหญิง สามารถเบิกค่าคลอดบุตรได้ โดยนำสำเนาสูติบัตรของบุตร และบัตรประจำตัวประชาชน ไปยื่นเรื่องที่สำนักงานประกันสังคม จะได้รับเงินค่าคลอดบุตรเหมาจ่าย จำนวน 13,000 บาท และยังได้รับเงินสงเคราะห์การหยุดงานเพื่อการคลอดบุตร ในอัตราร้อยละ 50 ของค่าจ้างเฉลี่ย เป็นเวลา 90 วันค่ะ

ผู้ประกันตนชาย ที่มีภริยาจดทะเบียนสมรส หรือหญิงที่อยู่กินกันฉันสามีภริยาแต่มิได้จดทะเบียนสมรส สามารถเบิกค่าคลอดบุตรได้ โดยนำสำเนาสูติบัตรของบุตร สำเนาทะเบียนสมรส (ถ้ามี) หรือหนังสือรับรองกรณีไม่มีทะเบียนสมรส มาเบิกเงินที่สำนักงานประกันสังคม จะได้รับเฉพาะเงินค่าคลอดบุตรเหมาจ่าย จำนวน 13,000 บาทค่ะ

นอกจากนี้ ยังมีค่าตรวจและรับฝากครรภ์ โดยอายุครรภ์ไม่เกิน 12 สัปดาห์ จ่ายตามที่จ่ายจริงไม่เกิน 500 บาท อายุครรภ์มากกว่า 12 สัปดาห์ แต่ไม่เกิน 20 สัปดาห์ จ่ายตามที่จ่ายจริงไม่เกิน 300 บาท และอายุครรภ์มากกว่า 20 สัปดาห์ แต่ไม่เกิน 28 สัปดาห์ จ่ายตามที่จ่ายจริงไม่เกิน 200 บาทค่ะ

ไม่ทราบว่าสนใจรายละเอียดตรงไหนเพิ่มเติมไหมคะ?",True,"Mostly correct and comprehensive; retrieval includes the expected chunk (7) despite many extras. The answer covers amounts, required documents, and male/female cases plus ANC reimbursements. Minor omissions: the contribution eligibility (5 months within 15 months), unlimited claim note, and the 2-time limit for leave benefit.",
7,2,ถ้าจะเบิกค่าคลอดบุตรให้แฟนต้องทำยังไง,7,"7,1,43,28,10,27,18,40,45,5,2,15","ผู้ประกันตนชาย ที่มีภริยาจดทะเบียนสมรสหรือหญิง ซึ่งอยู่กินกันฉันสามีภริยาแต่มิได้จดทะเบียนสมรส สามารถเบิกค่าคลอดบุตรได้ โดยนำสำเนาสูติบัตรของบุตร สำเนาทะเบียนสมรส (ถ้ามี) หรือหนังสือรับรองกรณีไม่มีทะเบียนสมรส (เฉพาะกรณีผู้ประกันตนไม่ได้จดทะเบียนสมรสกับภริยา) มาเบิกเงินที่สำนักงานประกันสังคม จะได้รับเฉพาะเงินค่าคลอดบุตรเหมาจ่าย จำนวน 13,000 บาท",True,"สวัสดีค่ะ ดิฉันน้องออมสุข จากสำนักงานประกันสังคม ยินดีช่วยตรวจข้อมูล ‘คู่มือผู้ประกันตน’ ค่ะ

หากคุณเป็นผู้ประกันตนชาย และต้องการเบิกค่าคลอดบุตรให้ภริยา หรือหญิงที่อยู่กินกันฉันสามีภริยา (แต่มิได้จดทะเบียนสมรส) คุณจะต้องนำเอกสารดังนี้ไปยื่นเรื่องที่สำนักงานประกันสังคมค่ะ

*   สำเนาสูติบัตรของบุตร
*   สำเนาทะเบียนสมรส (หากมี) หรือหนังสือรับรองกรณีไม่มีทะเบียนสมรส (เฉพาะกรณีที่ไม่ได้จดทะเบียนสมรสกับภริยา)

เมื่อยื่นเอกสารครบถ้วนแล้ว คุณจะได้รับเงินค่าคลอดบุตรเหมาจ่าย จำนวน 13,000 บาทค่ะ

ไม่ทราบว่าต้องการสอบถามรายละเอียดเพิ่มเติมในส่วนไหนอีกไหมคะ?",True,"Retrieval includes the expected chunk; extra chunks are acceptable. The answer accurately covers eligibility, required documents, submission location, and the 13,000 Baht lump sum. Minor verbosity but content is correct and complete.",
8,1,ถ้าเกิดอุบัติเหตุจนพิการทำให้ทำงานไม่ได้ จะได้รับค่าชดเชยอย่างไรบ้าง,8,"44,36,51,39,38,1,37,13,8,28,23,48",กรณีทุพพลภาพระดับความสูญเสียรุนแรง ให้มีสิทธิได้รับเงินทดแทนการขาดรายได้ในอัตราร้อยละ 50 ของค่าจ้างเฉลี่ยตลอดชีวิต,True,"สวัสดีค่ะ ดิฉันน้องออมสุข จากสำนักงานประกันสังคม ยินดีช่วยตรวจข้อมูล ‘คู่มือผู้ประกันตน’ ค่ะ

กรณีประสบอุบัติเหตุจนทุพพลภาพและไม่สามารถทำงานได้ จะได้รับค่าทดแทนการขาดรายได้ในอัตราร้อยละ 70 ของค่าจ้างรายเดือนตลอดชีวิตค่ะ

ไม่ทราบว่าสนใจรายละเอียดตรงไหนเพิ่มเติมไหมคะ?",False,"Retrieval includes the correct chunk (ID 8), but the answer content is incorrect. It states 70% of monthly wage for life, while the expected benefit is 50% of average wage for life in severe disability cases.","[
  ""Factually incorrect rates, limits, or eligibility despite correct retrieval""
]"
9,1,กรณีทุพพลภาพ จะได้รับสิทธฺ์อะไรบ้าง,8,"8,39,27,28,15,1,51,29,36,10,40,2","ผู้ประกันตนที่ส่งเงินสมทบครบ 3 เดือน ภายใน 15 เดือน ก่อนเดือนที่ทุพพลภาพ
3.1 กรณีทุพพลภาพระดับความสูญเสียไม่รุนแรง ให้มีสิทธิได้รับเงินทดแทนการขาดรายได้ ดังนี้
3.1.1 ทุพพลภาพจนทำให้ความสามารถในการทำงานลดลงถึงขนาดไม่อาจประกอบการงานตามปกติและงานอื่นได้ ให้มีสิทธิได้รับเงินทดแทนการขาดรายได้ในอัตราร้อยละ 30 ของค่าจ้างตลอดระยะเวลาที่ไม่สามารถประกอบการงานได้แต่ไม่เกิน 180 เดือน
3.1.2 ทุพพลภาพจนทำให้ความสามารถในการทำงานลดลงโดยมีรายได้ลดลงจากเดิมจึงจะได้รับเงินทดแทนการขาดรายได้ในส่วนที่ลดลง แต่ไม่เกินร้อยละ 30 เป็นระยะเวลาไม่เกิน 180 เดือน
3.2 กรณีทุพพลภาพระดับความสูญเสียรุนแรง ให้มีสิทธิได้รับเงินทดแทนการขาดรายได้ในอัตราร้อยละ 50 ของค่าจ้างเฉลี่ยตลอดชีวิต
",True,"หากคุณทุพพลภาพ จะได้รับสิทธิประโยชน์ดังนี้ค่ะ

กรณีทุพพลภาพระดับความสูญเสียไม่รุนแรง:
*   ได้รับเงินทดแทนการขาดรายได้ร้อยละ 30 ของค่าจ้างตลอดระยะเวลาที่ไม่สามารถประกอบการงานได้ แต่ไม่เกิน 180 เดือน
*   หากมีความสามารถในการทำงานลดลงโดยมีรายได้ลดลงจากเดิม จะได้รับเงินทดแทนการขาดรายได้ส่วนที่ลดลง แต่ไม่เกินร้อยละ 30 เป็นระยะเวลาไม่เกิน 180 เดือน

กรณีทุพพลภาพระดับความสูญเสียรุนแรง:
*   ได้รับเงินทดแทนการขาดรายได้ร้อยละ 50 ของค่าจ้างเฉลี่ยตลอดชีวิต

นอกจากนี้ ยังได้รับค่าบริการทางการแพทย์ และค่ารถพยาบาลหรือค่าพาหนะรับส่งผู้ทุพพลภาพด้วยค่ะ

ไม่ทราบว่าสนใจรายละเอียดตรงไหนเพิ่มเติมไหมคะ?",True,"Retrieval includes the expected chunk (8), so acceptable. The answer correctly states the non-severe (30% up to 180 months) and severe (50% of lifetime average wage) benefits and adds relevant medical/transport benefits; it omits the contribution eligibility condition, but the question focused on benefits, so this is a minor omission.",
9,2,ถ้าทุพพลภาพมีสิทธิรักษาในรพ.เอกชนมั้ย,8,"8,3,43,39,4,2,29,28,51,45,15,1",มีสิทธิครับ ผู้ทุพพลภาพมีสิทธิได้รับค่าใช้จ่ายในกระบวนการฟื้นฟูสมรรถภาพของร่างกาย จิตใจและอาชีพ ตามประกาศสำนักงานประกันสังคม เรื่อง กำหนดหลักเกณฑ์อัตราค่าฟื้นฟูของผู้ทุพพลภาพ,True,"หากทุพพลภาพ คุณมีสิทธิได้รับค่าบริการทางการแพทย์ในโรงพยาบาลเอกชนค่ะ

*   **กรณีผู้ป่วยนอก:** ได้รับค่าบริการทางการแพทย์เท่าที่จ่ายจริงไม่เกินเดือนละ 2,000 บาท
*   **กรณีผู้ป่วยใน:** ได้รับค่าบริการทางการแพทย์เท่าที่จ่ายจริงไม่เกินเดือนละ 4,000 บาท

นอกจากนี้ ยังมีสิทธิได้รับค่ารถพยาบาลหรือค่าพาหนะรับส่งผู้ทุพพลภาพ เหมาจ่ายไม่เกินเดือนละ 500 บาท และค่าใช้จ่ายในกระบวนการฟื้นฟูสมรรถภาพของร่างกาย จิตใจและอาชีพด้วยค่ะ

ไม่ทราบว่าต้องการทราบรายละเอียดเพิ่มเติมในส่วนไหนอีกไหมคะ?",True,"Retrieval is acceptable as it includes the expected chunk. The answer correctly confirms eligibility for treatment in private hospitals and adds relevant benefit details (OPD/IPD caps, transport, rehab), which aligns with the intent. Content is accurate and slightly more detailed than the expected answer.",
9,3,ได้จำกัดครั้งละกี่บาทครับ,8,"28,37,3,18,41,7,36,5,1,31,10,27",ขออภัยครับ ข้อมูลส่วนนี้ไม่ปรากฎในคู่มือประกันตนที่ผมเข้าถึง ณ ตอนนี้ จึงยืนยันคำตอบให้ไม่ได้ครับ ,False,"สำหรับค่าบริการทางการแพทย์ในโรงพยาบาลเอกชนเมื่อทุพพลภาพ จะมีวงเงินจำกัดดังนี้ค่ะ

*   **กรณีผู้ป่วยนอก:** ไม่เกินเดือนละ 2,000 บาท
*   **กรณีผู้ป่วยใน:** ไม่เกินเดือนละ 4,000 บาท

นอกจากนี้ ค่ารถพยาบาลหรือค่าพาหนะรับส่งผู้ทุพพลภาพ จะเหมาจ่ายไม่เกินเดือนละ 500 บาทค่ะ

มีเรื่องอื่น ๆ อยากสอบถามเพิ่มเติมไหมคะ?",False,Retrieval missed the expected chunk (8). The answer provides specific monetary limits that conflict with the expected response (information unavailable) and appears hallucinated; thus both retrieval and answer content are incorrect.,"[
  ""Missing expected chunk; retrieval failure causing unsupported or hallucinated content"",
  ""Failed to follow \""information unavailable\"" fallback; provided unsupported guidance instead"",
  ""Factually incorrect monetary limits provided""
]"
10,1,ถ้าต้ายได้ค่าคำศพเท่าไหร่,9,"42,36,9,3,27,28,2,5,7,12,31,8","ผู้ประกันตนที่ส่งเงินสมทบครบ 1 เดือน ภายใน 6 เดือน ก่อนเดือนถึงแก่ความตาย
• ได้รับค่าทําศพ 40,000 บาท",True,"หากผู้ประกันตนจ่ายเงินสมทบมาแล้ว 6 ใน 12 เดือนก่อนเดือนที่ตาย จะได้รับค่าทำศพ 40,000 บาทค่ะ

หากผู้จัดการศพเป็นผู้จัดการค่าทำศพ จะได้รับค่าทำศพตามอัตราที่กำหนดในกฎกระทรวงค่ะ

ไม่ทราบว่าสนใจรายละเอียดตรงไหนเพิ่มเติมไหมคะ?",False,"Retrieval includes the correct chunk, but the answer content has a factual error: it states eligibility as 6 in 12 months instead of 1 month within 6 months. The amount (40,000 บาท) is correct, but the added condition is misleading.","[
  ""Factually incorrect rates, limits, or eligibility despite correct retrieval""
]"
10,2,ได้เงินอย่างอื่นนอกจากค่าทำศพมั้ย,9,"42,9,27,30,1,36,28,2,7,3,8,12","มีเงินสงเคราะห์กรณีตายครับ
   - หากผู้ประกันตนจ่ายเงินสมทบตั้งแต่ 36 เดือนขึ้นไป แต่ไม่ถึง 120 เดือน จะได้รับเงินสงเคราะห์ในอัตราร้อยละ 50 ของค่าจ้าง 4 เดือน
   - หากผู้ประกันตนจ่ายเงินสมทบตั้งแต่ 120 เดือนขึ้นไป จะได้รับเงินสงเคราะห์ในอัตราร้อยละ 50 ของค่าจ้าง 12 เดือน",True,"หากผู้ประกันตนเสียชีวิต จะได้รับเงินสงเคราะห์กรณีตายด้วยค่ะ โดยจำนวนเงินจะขึ้นอยู่กับระยะเวลาที่จ่ายเงินสมทบ ดังนี้ค่ะ

*   จ่ายเงินสมทบตั้งแต่ 36 เดือนขึ้นไป แต่ไม่ถึง 120 เดือน จะได้รับเงินสงเคราะห์ในอัตราร้อยละ 50 ของค่าจ้าง 4 เดือน
*   จ่ายเงินสมทบตั้งแต่ 120 เดือนขึ้นไป จะได้รับเงินสงเคราะห์ในอัตราร้อยละ 50 ของค่าจ้าง 12 เดือน

ไม่ทราบว่าต้องการทราบรายละเอียดเพิ่มเติมในส่วนไหนอีกไหมคะ?",True,Answer matches the expected benefits and conditions accurately; retrieval includes the correct chunk (9) despite extra irrelevant chunks. Overall correct and acceptable.,
11,1,เงินบำนาญชราภาพของผมจะได้เท่าไหร่ต่อเดือน,11,"12,11,28,18,27,1,9,10,8,38,37,15","เงินบำนาญชราภาพ
ได้รับเงินบำนาญชราภาพร้อยละ 20 ของค่าจ้างเฉลี่ย 60 เดือนสุดท้าย ที่ใช้เป็นฐานในการคำนวณเงินสมทบก่อนความเป็นผู้ประกันตนสิ้นสุดลง กรณีจ่ายเงินสมทบมากกว่า 180 เดือน (15 ปีขึ้นไป) ให้ปรับเพิ่มอัตราเงินบำนาญชราภาพขึ้นอีกร้อยละ 1.5 ต่อระยะเวลาการจ่ายเงินสมทบครบทุก 12 เดือน

หากคุณต้องการให้ผมคำนวณ รบกวนขอข้อมูลดังนี้ 
1. ค่าจ้างเฉลี่ย 60 เดือนสุดท้าย ที่ใช้เป็นฐานในการคำนวณเงินสมทบก่อนความเป็นผู้ประกันตนสิ้นสุดลง
2. จำนวนปีทั้งหมดที่ส่งเงินสมทบ",True,"สวัสดีค่ะ ดิฉันน้องออมสุข จากสำนักงานประกันสังคม ยินดีช่วยตรวจข้อมูล ‘คู่มือผู้ประกันตน’ ค่ะ

เงินบำนาญชราภาพของคุณจะคำนวณจากค่าจ้างเฉลี่ย 60 เดือนสุดท้ายที่คุณใช้เป็นฐานในการคำนวณเงินสมทบก่อนความเป็นผู้ประกันตนสิ้นสุดลง โดยคิดในอัตราร้อยละ 20 ค่ะ หากคุณจ่ายเงินสมทบมากกว่า 180 เดือน (15 ปีขึ้นไป) จะปรับเพิ่มอีกร้อยละ 1.5 ต่อระยะเวลาการจ่ายเงินสมทบครบทุก 12 เดือนค่ะ

ไม่ทราบว่าสนใจรายละเอียดตรงไหนเพิ่มเติมไหมคะ?",True,"Retrieval includes the expected chunk (11), though with extra chunks. The answer correctly states the calculation rule (20% of last 60-month average, +1.5% per 12 months over 180 months). Minor omission: it didn’t explicitly ask for the specific inputs to compute the exact amount.",
11,2,ผมยังไม่มีข้อมูลตอนนี้ครับ,11,"50,40,39,38,13,42,9,14,11,52,45,28","หากคุณมีข้อมูลพร้อมแล้ว สามารถนำสูตรนี้ไปคำนวณได้ครับ
สูตรคำนวณเงินบำนาญชราภาพ
= ค่าจ้างเฉลี่ย 60 เดือนสุดท้าย คูณด้วย 20% (+ จำนวน % ที่เพิ่มให้อีกปีละ 1.5%)
**เงินบำนาญชราภาพ : จ่ายเป็นรายเดือนตลอดชีวิต**",True,"สวัสดีค่ะ ดิฉันน้องออมสุข จากสำนักงานประกันสังคม ยินดีช่วยตรวจข้อมูล ‘คู่มือผู้ประกันตน’ ค่ะ

ไม่ทราบว่าสนใจรายละเอียดตรงไหนเพิ่มเติมไหมคะ?",False,"Retrieval is acceptable since chunk 11 is included. However, the answer is a generic greeting and does not provide the expected guidance or the pension formula, missing essential content.","[
  ""Incomplete answers omitting essential details, numbers, or specific requested information"",
  ""Irrelevant, generic, or off-topic responses not using retrieved context properly""
]"
12,1,ผมอยากรู้ว่าเงินบำเหน็จของผมคิดยังไง,11,"11,12,1,27,9,18,13,10,7,16,28,31","การคำนวณเงินบำเหน็จ แบ่งออกเป็น 2 กรณี
1.กรณีจ่ายเงินสมทบตั้งแต่ 1 - 11 เดือน
2.กรณีจ่ายเงินสมทบตั้งแต่ 12 - 179 เดือน
คุณอยู่ในกรณีไหนครับ
",True,"สวัสดีค่ะ ดิฉันน้องออมสุข จากสำนักงานประกันสังคม ยินดีช่วยตรวจข้อมูล ‘คู่มือผู้ประกันตน’ ค่ะ

เงินบำเหน็จชราภาพ จะจ่ายเป็นก้อนครั้งเดียวค่ะ โดยมีหลักเกณฑ์ดังนี้
กรณีจ่ายเงินสมทบต่ำกว่า 12 เดือน จะได้รับเงินบำเหน็จชราภาพเท่ากับจำนวนเงินสมทบเฉพาะส่วนของผู้ประกันตนค่ะ
กรณีจ่ายเงินสมทบตั้งแต่ 12 เดือนขึ้นไป แต่ไม่ครบ 180 เดือน จะได้รับเงินบำเหน็จชราภาพเท่ากับจำนวนเงินสมทบที่ผู้ประกันตนและนายจ้างจ่ายสมทบ พร้อมผลประโยชน์ตอบแทนตามที่สำนักงานประกันสังคมประกาศกำหนดค่ะ

ไม่ทราบว่าสนใจรายละเอียดตรงไหนเพิ่มเติมไหมคะ?",True,"Retrieval is acceptable since it includes the expected chunk. The answer correctly explains the two calculation cases with accurate month ranges and details; minor difference in phrasing and not explicitly asking which case the user is in, but overall acceptable.",
12,2,แบบที่ 2 ครับ,11,"1,17,14,24,25,0,15,12,16,11,9,6","กรณีจ่ายเงินสมทบตั้งแต่ 12 - 179 เดือน
= เงินสมทบของผู้ประกันตน + เงินสมทบของนายจ้าง + ผลประโยชน์ตอบแทน
**เงินบำเหน็จชราภาพ : จ่ายเป็นก้อนครั้งเดียว**",True,"สวัสดีค่ะ ดิฉันน้องออมสุข จากสำนักงานประกันสังคม ยินดีช่วยตรวจข้อมูล ‘คู่มือผู้ประกันตน’ ค่ะ

สำหรับผู้ประกันตนตามมาตรา 40 ทางเลือกที่ 2 จะจ่ายเงินสมทบเดือนละ 100 บาทค่ะ จะได้รับสิทธิประโยชน์ 4 กรณี ดังนี้ค่ะ
1. กรณีเจ็บป่วย
2. กรณีตาย (ค่าทำศพ)
3. กรณีทุพพลภาพ
4. กรณีชราภาพ (รับบำเหน็จ)

ไม่ทราบว่าสนใจรายละเอียดตรงไหนเพิ่มเติมไหมคะ?",False,"Retrieval is acceptable (includes expected chunk 11), but the answer content is off-topic. It misinterprets “แบบที่ 2” as มาตรา 40 ทางเลือก 2 and fails to provide the expected lump-sum formula and details for 12–179 months contributions.","[
  ""Irrelevant, generic, or off-topic responses not using retrieved context properly"",
  ""Misinterpreted key term/context (แบบที่ 2), leading to wrong scope"",
  ""Incomplete answers omitting essential details, numbers, or specific requested information""
]"
13,1,ผมลาออกจากงานมาสักพักนึงแล้ว แต่ต้องรักษาสิทธิประกันสังคมทำได้มั้ยครับ,16,"15,16,1,17,21,20,25,46,48,0,38,13","คุณสมบัติของผู้สมัครผู้ประกันตนโดยสมัครใจ (มาตรา 39)
- เคยเป็นผู้ประกันตนตามมาตรา 33 ส่งเงินสมทบมาแล้วไม่น้อยกว่า 12 เดือน และออกจากงานแล้ว ไม่เกิน 6 เดือน นับแต่วันที่ออกจากงาน

หากคุณมีคุณสมบัติดังกล่าวสามารถทำได้ครับ",True,"สวัสดีค่ะ ดิฉันน้องออมสุข จากสำนักงานประกันสังคม ยินดีช่วยตรวจข้อมูล ‘คู่มือผู้ประกันตน’ ค่ะ

หากคุณเคยเป็นผู้ประกันตนตามมาตรา 33 และส่งเงินสมทบมาแล้วไม่น้อยกว่า 12 เดือน และออกจากงานไม่เกิน 6 เดือน นับแต่วันที่ออกจากงาน คุณสามารถสมัครเป็นผู้ประกันตนโดยสมัครใจตามมาตรา 39 เพื่อรักษาสิทธิประกันสังคมได้ค่ะ

ไม่ทราบว่าสนใจรายละเอียดเกี่ยวกับมาตรา 39 เพิ่มเติมไหมคะ?",True,"Retrieval includes the expected chunk; answer accurately states Section 39 eligibility (M33 ≥12 months, leave within 6 months) and confirms they can maintain coverage. Minor extra politeness but content is correct and complete.",
13,2,จะได้รับสิทธิอะไรบ้างครับ,15,"32,2,15,40,10,8,28,12,23,39,6,1","ผู้ประกันตนโดยสมัครใจเป็นบุคคลที่เคยเป็นผู้ประกันตนมาตรา 33 จ่ายเงินสมทบก่อนออกจากงานมาแล้วไม่น้อยกว่า 12 เดือน แล้วลาออก แต่ต้องการรักษาสิทธิประกันสังคม โดยได้รับความคุ้มครอง 6 กรณี ดังนี้
1. กรณีเจ็บป่วย
2. กรณีทุพพลภาพ
3. กรณีคลอดบุตร
4. กรณีตาย
5. กรณีสงเคราะห์บุตร
6. กรณีชราภาพ",True,"สวัสดีค่ะ ดิฉันน้องออมสุข จากสำนักงานประกันสังคม ยินดีช่วยตรวจข้อมูล ‘คู่มือผู้ประกันตน’ ค่ะ

ผู้ประกันตนตามมาตรา 39 จะได้รับความคุ้มครอง 6 กรณี ดังนี้ค่ะ

1.  กรณีเจ็บป่วย
2.  กรณีทุพพลภาพ
3.  กรณีคลอดบุตร
4.  กรณีตาย
5.  กรณีสงเคราะห์บุตร
6.  กรณีชราภาพ

ไม่ทราบว่าสนใจรายละเอียดเกี่ยวกับสิทธิประโยชน์กรณีไหนเพิ่มเติมไหมคะ?",True,Retrieval includes the expected chunk. The answer correctly lists the six covered cases for มาตรา 39; it omits eligibility details present in the expected answer but remains appropriate for the question asked.,
13,3,สมัครยังไงครับ,17,"25,24,17,28,1,6,23,46,16,14,0,2","หลักฐานการสมัคร
1. แบบคำขอเป็นผู้ประกันตนตามมาตรา 39 (สปส.1-20)
2. กรณีประสงค์จะชำระเงินสมทบโดยหักบัญชีเงินฝากธนาคาร ให้แนบสำเนาสมุดบัญชีเงินฝากธนาคาร ประเภทออมทรัพย์หน้าแรกที่มีชื่อและเลขที่บัญชีของผู้ประสงค์สมัครเป็นผู้ประกันตนตามมาตรา 39 พร้อมรับรองสำเนาถูกต้อง

สามารถยื่นคำขอ ณ สำนักงานประกันสังคมทั่วประเทศ",True,"สวัสดีค่ะ ดิฉันน้องออมสุข จากสำนักงานประกันสังคม ยินดีช่วยตรวจข้อมูล ‘คู่มือผู้ประกันตน’ ค่ะ

หากคุณเคยเป็นผู้ประกันตนตามมาตรา 33 และต้องการสมัครเป็นผู้ประกันตนตามมาตรา 39 สามารถสมัครได้ดังนี้ค่ะ

**หลักฐานการสมัคร:**
1.  แบบคำขอเป็นผู้ประกันตนตามมาตรา 39 (สปส.1-20)
2.  กรณีประสงค์จะชำระเงินสมทบโดยหักบัญชีเงินฝากธนาคาร ให้แนบสำเนาสมุดบัญชีเงินฝากธนาคาร ประเภทออมทรัพย์หน้าแรกที่มีชื่อและเลขที่บัญชีของผู้ประสงค์สมัครเป็นผู้ประกันตนตามมาตรา 39 พร้อมรับรองสำเนาถูกต้อง

**ช่องทางการสมัคร:**
คุณสามารถยื่นแบบคำขอรับประโยชน์ทดแทน ได้ที่สำนักงานประกันสังคมกรุงเทพมหานครพื้นที่/จังหวัด/สาขาทั่วประเทศ ค่ะ

ไม่ทราบว่าสนใจรายละเอียดเพิ่มเติมในส่วนไหนไหมคะ?",True,Retrieval includes the expected chunk. The answer accurately lists the required documents and states that applications can be submitted at Social Security offices nationwide; minor wording/persona additions are acceptable.,
13,4,ต้องมีค่าใช้จ่ายอะไรในการรักษาสิทธิมั้ยครับ,18,"2,41,36,15,3,1,8,39,28,6,38,45","มีค่าใช้จ่ายคือ เงินสมทบที่ต้องนำส่ง เดือนละ 432 บาท ครับ
- เงินที่ใช้เป็นฐานในการคำนวณเงินสมทบ คือ เดือนละ 4,800 บาท เท่ากันทุกคน โดยคิดจากอัตราเงินสมทบ 9% (9% x 4,800 = 432) ซึ่งผู้ประกันตนจะได้รับความคุ้มครอง 6 กรณี (เจ็บป่วย คลอดบุตร ทุพพลภาพ ตาย สงเคราะห์บุตรและชราภาพ) ต่อเนื่องจากการเป็นผู้ประกันตนตามมาตรา 33",False,"สวัสดีค่ะ ดิฉันน้องออมสุข จากสำนักงานประกันสังคม ยินดีช่วยตรวจข้อมูล ‘คู่มือผู้ประกันตน’ ค่ะ

สำหรับผู้ประกันตนตามมาตรา 39 จะมีค่าใช้จ่ายในการส่งเงินสมทบรายเดือนค่ะ โดยอัตราเงินสมทบจะอยู่ที่ 432 บาทต่อเดือนค่ะ

ไม่ทราบว่าสนใจรายละเอียดเกี่ยวกับสิทธิประโยชน์ที่ได้รับเพิ่มเติมไหมคะ?",True,"Answer correctly states the monthly contribution of 432 baht for M39; minor omissions on the 4,800-baht base and 9% calculation and benefit details. Retrieval did not include the expected chunk, but the content is still accurate and acceptable.",
14,1,ถ้าผมไม่ได้ทำงานประจำ สามารถเป็นผู้ประกันตนประกันสังคมได้มั้ยครับ,"22, 23","25,1,15,22,0,21,17,23,16,20,2,7","บุคคลทั่วไปที่ประกอบอาชีพอิสระหรือแรงงานนอกระบบ ไม่เป็นผู้ประกันตนมาตรา 33 หรือผู้ประกันตนมาตรา 39 สามารถเป็นผู้ประกันตนโดยสมัครใจ (มาตรา 40)

คุณสมบัติของผู้สมัคร
1. มีสัญชาติไทย
2. เป็นชนกลุ่มน้อยซึ่งอพยพเข้ามาอาศัยอยู่ในประเทศไทย โดยมีมติคณะรัฐมนตรีผ่อนผันให้อาศัย อยู่ในประเทศไทยได้เป็นการชั่วคราวเป็นกรณีพิเศษ ที่มีบัตรประจำตัวคนซึ่งไม่มีสัญชาติไทย โดยเลขประจำตัวหลักแรกเป็นเลข 6 หรือ 7
3. เป็นบุคคลซึ่งไม่มีสัญชาติไทยที่ได้รับการผ่อนผันให้อาศัยอยู่ในประเทศไทยได้เป็นการชั่วคราว เพื่อรอการส่งกลับที่มีบัตรประจำตัวคนซึ่งไม่มีสัญชาติไทย โดยเลขประจำตัวหลักแรกเป็นเลข 0 ทั้งนี้ไม่รวมถึงกรณีที่มีบัตรประจำตัวคนซึ่งไม่มีสัญชาติไทย (ยกเว้นผู้ที่มีเลขประจำตัวหลักแรกและหลักที่สองเป็น 0)
4. อายุไม่ต่ำกว่า 15 ปีบริบูรณ์ และไม่เกิน 60 ปีบริบูรณ์
5. ไม่เป็นผู้ประกันตนมาตรา 33 หรือมาตรา 39
6. ไม่เป็นสมาชิกกองทุนบำเหน็จบำนาญข้าราชการ กองทุนบำเหน็จบำนาญข้าราชการกรุงเทพมหานคร กองทุนบำเหน็จบำนาญข้าราชการท้องถิ่น หรือไม่เป็นสมาชิกกองทุนของรัฐวิสาหกิจหรือหน่วยงานอื่นของรัฐที่มีลักษณะอย่างเดียวกับกองทุนบำเหน็จบำนาญของส่วนราชการ รวมทั้งไม่เป็นเจ้าหน้าที่ของรัฐที่อยู่ภายใต้บังคับตามกฎหมายว่าด้วยบำเหน็จบำนาญข้าราชการ กฎหมายว่าด้วยบำเหน็จบำนาญข้าราชการกรุงเทพมหานคร หรือกฎหมายว่าด้วยบำเหน็จบำนาญข้าราชการส่วนท้องถิ่น
7. หากเป็นบุคคลซึ่งเป็นผู้พิการ ให้ระบุลักษณะหรืออาการของผู้พิการโดยละเอียด (ยกเว้นผู้พิการทางสติปัญญาและผู้พิการที่ไม่อาจรับรู้สิทธิที่พึงจะได้รับจากการเป็นผู้ประกันตนตามมาตรา 40 ไม่สามารถสมัครและขึ้นทะเบียนเป็นผู้ประกันตนตามมาตรา 40 ได้)

หากคุณมีคุณสมบัติดังกล่าวสามารถเป็นผู้ประกันตนโดยสมัครใจ (มาตรา 40) ได้ครับ


",True,"สวัสดีค่ะ ดิฉันน้องออมสุข จากสำนักงานประกันสังคม ยินดีช่วยตรวจข้อมูล ‘คู่มือผู้ประกันตน’ ค่ะ

บุคคลทั่วไปที่ประกอบอาชีพอิสระหรือแรงงานนอกระบบ และไม่ได้เป็นผู้ประกันตนมาตรา 33 หรือมาตรา 39 สามารถสมัครเป็นผู้ประกันตนมาตรา 40 ได้ค่ะ

ไม่ทราบว่าสนใจรายละเอียดตรงไหนเพิ่มเติมไหมคะ?",True,"Retrieval is acceptable and includes the expected chunks (22, 23). The answer correctly states that informal workers not under M33/M39 can enroll in M40; it omits detailed eligibility criteria, but this is a minor omission given the question.",
14,2,ต้องใช้เอกสารอะไรบ้าง,15,"24,44,17,1,46,4,0,23,2,5,25,21","หลักฐานการสมัคร
1. แบบคำขอสมัครเป็นผู้ประกันตนตามมาตรา 40 (สปส.1-40)
2. บัตรประจำตัวประชาชน หรือบัตรอื่นที่ทางราชการ ออกให้",False,"สวัสดีค่ะ ดิฉันน้องออมสุข จากสำนักงานประกันสังคม ยินดีช่วยตรวจข้อมูล ‘คู่มือผู้ประกันตน’ ค่ะ

หากคุณประสงค์จะสมัครเป็นผู้ประกันตนมาตรา 40 จะต้องใช้เอกสารดังนี้ค่ะ

*   แบบคำขอสมัครเป็นผู้ประกันตนตามมาตรา 40 (สปส.1-40)
*   บัตรประจำตัวประชาชน หรือบัตรอื่นที่ทางราชการออกให้

ไม่ทราบว่าสนใจรายละเอียดตรงไหนเพิ่มเติมไหมคะ?",True,"Answer content exactly matches the expected documents; retrieval did not include the expected chunk but the response is correct, suggesting other relevant chunks were used. Overall acceptable with minor retrieval mismatch.",
14,3,สมัครได้ที่ไหน,22,"25,17,24,6,1,14,28,23,0,46,2,16","ช่องทางการสมัครประกันสังคมมาตรา 40
1. ที่สำนักงานประกันสังคม และหน่วยบริการเคลื่อนที่ของสำนักงานประกันสังคม
2. สมัครผ่านระบบ internet ที่ website ของสำนักงานประกันสังคม www.sso.go.th/section40_regist/
3. สมัครผ่านหน่วยบริการรับสมัครผู้ประกันตนตามมาตรา 40 ที่ทำความตกลงกับสำนักงานประกันสังคม เช่น ร้านเซเว่นอีเลฟเว่น หรือร้านค้าที่มีสัญลักษณ์counter serviceทั่วประเทศ",False,"สวัสดีค่ะ ดิฉันน้องออมสุข จากสำนักงานประกันสังคม ยินดีช่วยตรวจข้อมูล ‘คู่มือผู้ประกันตน’ ค่ะ

คุณสามารถสมัครประกันสังคมมาตรา 40 ได้ที่:

*   สำนักงานประกันสังคม และหน่วยบริการเคลื่อนที่ของสำนักงานประกันสังคม
*   สมัครผ่านทางเว็บไซต์ของสำนักงานประกันสังคม www.sso.go.th/section40_regist/
*   สมัครผ่านหน่วยบริการรับสมัครผู้ประกันตนตามมาตรา 40 ที่ทำความตกลงกับสำนักงานประกันสังคม เช่น ร้านเซเว่นอีเลฟเว่น หรือร้านค้าที่มีสัญลักษณ์ counter service ทั่วประเทศ

ไม่ทราบว่าสนใจรายละเอียดตรงไหนเพิ่มเติมไหมคะ?",True,"Answer content is accurate and matches the expected channels. Retrieval does not include the expected chunk ID, indicating a minor retrieval mismatch, but the final answer is correct and complete.",
15,1,ถ้าลูกจ้างเจ็บปวดจากการทำงานจะได้รับความคุ้มครองอะไรบ้าง,36,"1,46,32,49,30,15,40,44,38,45,36,29","เมื่อลูกจ้างประสบอันตรายหรือเจ็บป่วยเนื่องจากการทำงาน จะได้รับความคุ้มครองดังนี้
- ค่ารักษาพยาบาล
- ค่าทดแทน 4 กรณี
   1.ค่าทดแทนกรณีไม่สามารถทำงานได้
   2.ค่าทดแทนกรณีสูญเสียสมรรถภาพในการทำงานของร่างกาย
   3.ค่าทดแทนกรณีทุพพลภาพ
   4.ค่าทดแทนกรณีถึงแก่ความตายหรือสูญหาย
- ค่าฟื้นฟูสมรรถภาพในการทำงาน
- ค่าทำศพ",True,"หากลูกจ้างเจ็บป่วยจากการทำงาน จะได้รับความคุ้มครองดังนี้ค่ะ

*   ค่ารักษาพยาบาล จนสิ้นสุดการรักษา
*   ค่าทดแทนกรณีไม่สามารถทำงานได้ โดยได้รับร้อยละ 70 ของค่าจ้างรายเดือน ตลอดระยะเวลาที่ไม่สามารถทำงานได้ แต่ไม่เกิน 1 ปี
*   ค่าทดแทนกรณีสูญเสียสมรรถภาพในการทำงานของร่างกาย โดยได้รับร้อยละ 70 ของค่าจ้างรายเดือน เป็นระยะเวลาไม่เกิน 10 ปี
*   ค่าทดแทนกรณีทุพพลภาพ โดยได้รับร้อยละ 70 ของค่าจ้างรายเดือน เป็นระยะเวลาไม่น้อยกว่า 15 ปี
*   ค่าทดแทนกรณีถึงแก่ความตายหรือสูญหาย โดยได้รับร้อยละ 70 ของค่าจ้างรายเดือน เป็นระยะเวลา 10 ปี และค่าทำศพ 40,000 บาท

ไม่ทราบว่าต้องการทราบรายละเอียดเพิ่มเติมในส่วนไหนไหมคะ",True,"Retrieval is acceptable as it includes the expected chunk. The answer correctly lists medical care, four compensation cases, and funeral benefits with reasonable details, but it omits the rehabilitation coverage; otherwise mostly correct.",
15,2,ค่ารักษาพยาบาลมีรายละเอียดเพิ่มเติมมั้ยครับ,36,"36,3,43,2,45,1,4,30,46,8,5,44","ค่ารักษาพยาบาลจ่ายได้ตามกฎกระทรวงกำหนดอัตราค่ารักษาพยาบาลที่ให้นายจ้างจ่าย ดังนี้
1) กรณีลูกจ้างประสบอันตรายหรือเจ็บป่วยเนื่องจากการทำงาน ให้นายจ้างจ่ายค่ารักษาพยาบาลเท่าที่จ่ายจริงตามความจำเป็นแต่ไม่เกิน 50,000 บาท
2) กรณีที่ค่ารักษาพยาบาล 50,000 บาท ไม่เพียงพอให้นายจ้างจ่ายค่ารักษาพยาบาลเท่าที่จ่ายจริงตามความจำเป็นเพิ่มอีกไม่เกิน 100,000 บาท สำหรับการประสบอันตรายหรือเจ็บป่วยของลูกจ้างในลักษณะ ดังต่อไปนี้
(1) บาดเจ็บอย่างรุนแรงของอวัยวะภายในหลายส่วนและต้องได้รับการผ่าตัดแก้ไข
(2) บาดเจ็บอย่างรุนแรงของกระดูกหลายแห่ง และต้องได้รับการผ่าตัดแก้ไข
(3) บาดเจ็บอย่างรุนแรงของศีรษะ และต้องได้รับการผ่าตัดเปิดกะโหลกศีรษะ
(4) บาดเจ็บอย่างรุนแรงของกระดูกสันหลัง ไขสันหลังหรือรากประสาท
(5) ประสบภาวะที่ต้องผ่าตัดต่ออวัยวะที่ยุ่งยาก ซึ่งต้องใช้วิธีจุลศัลยกรรม
(6) ประสบอันตรายจากไฟไหม้ น้ำร้อนลวก ความร้อน ความเย็น สารเคมี รังสี ไฟฟ้า หรือระเบิด จนถึงขั้นสูญเสียผิวหนังลึกถึงหนังแท้ตั้งแต่ร้อยละ 25 ของพื้นที่ผิวของร่างกาย
(7) ประสบอันตรายหรือเจ็บป่วยอย่างอื่นซึ่งรุนแรงหรือเรื้อรัง ตามที่รัฐมนตรีประกาศกำหนด
3) กรณีค่ารักษาพยาบาลที่จ่ายเพิ่มอีกตามข้อ 2 ไม่เพียงพอให้นายจ้างจ่ายค่ารักษาพยาบาลเท่าที่จ่ายจริงตามความจำเป็นเพิ่มขึ้นอีก ทั้งนี้ โดยรวมค่ารักษาพยาบาลทั้งข้อ 1 และ 2 แล้วต้องไม่เกิน 300,000 บาท สำหรับการประสบอันตรายหรือเจ็บป่วยของลูกจ้างที่มีลักษณะ ดังต่อไปนี้
(1) ประสบอันตรายหรือเจ็บป่วยตามข้อ (1) ถึง (6) ตั้งแต่สองรายการขึ้นไป
(2) ประสบอันตรายหรือเจ็บป่วยตามข้อ (1) ถึง (6) ที่จำเป็นต้องใช้เครื่องช่วยหายใจ หรือต้องพักรักษาตัวอยู่ในหอผู้ป่วยหนัก หอผู้ป่วยวิกฤต หรือหอผู้ป่วยไฟไหม้ น้ำร้อนลวก ตั้งแต่ 20 วันขึ้นไป
(3) บาดเจ็บอย่างรุนแรงของระบบสมองหรือไขสันหลัง ที่จำเป็นต้องรักษาตั้งแต่ 30 วันติดต่อกัน
(4) การประสบอันตรายหรือเจ็บป่วยอย่างอื่นซึ่งรุนแรงหรือเรื้อรังตามที่รัฐมนตรีประกาศกำหนด
(ก) เป็นผลให้อวัยวะสำคัญล้มเหลว
(ข) กรณีอื่นนอกจาก (ก) ให้เป็นไปตามความเห็นของคณะกรรมการการแพทย์
4) กรณีค่ารักษาพยาบาลตามข้อ 1-3 ไม่เพียงพอให้นายจ้างจ่ายค่ารักษาพยาบาลเท่าที่จ่ายจริงตามความจำเป็นเพิ่มขึ้นตามความเห็นของคณะกรรมการการแพทย์ แต่รวมกันแล้วไม่เกิน 500,000 บาท
5) กรณีค่ารักษาพยาบาลทุกกรณีไม่เพียงพอ ให้นายจ้างจ่ายค่ารักษาพยาบาลเท่าที่จ่ายจริงตามความจำเป็นเพิ่มขึ้น โดยเมื่อรวมกับค่ารักษาพยาบาลดังกล่าวข้างต้นแล้ว ต้องไม่เกิน 1,000,000 บาท เว้นแต่ในกรณีดังต่อไปนี้ ให้นายจ้างจ่ายค่ารักษาพยาบาลเท่าที่จ่ายจริงตามความจำเป็นที่เพิ่มขึ้นจนสิ้นสุดการรักษา แต่ไม่เกิน 2,000,000 บาท
(1) ลูกจ้างเข้ารับการรักษาพยาบาลในสถานพยาบาลของรัฐตั้งแต่เริ่มแรกจนสิ้นสุดการรักษา
(2) ลูกจ้างมีความจำเป็นหรือมีเหตุสมควรที่ไม่สามารถเข้ารับการรักษาพยาบาลในสถานพยาบาลของรัฐ ตั้งแต่เริ่มแรกแต่ภายหลังได้เข้ารับการรักษาพยาบาลในสถานพยาบาลของรัฐ การจ่ายค่ารักษาพยาบาล ให้เป็นไปตามความเห็นของคณะกรรมการการแพทย์ โดยความเห็นชอบของคณะกรรมการกองทุนเงินทดแทน
6) ในกรณีลูกจ้างเป็นผู้ป่วยในมีค่าใช้จ่ายเกี่ยวกับค่าห้อง ค่าอาหาร ค่าบริการพยาบาล และค่าบริการทั่วไป ให้นายจ้างจ่ายค่าใช้จ่ายดังกล่าว เท่าที่จ่ายจริงแต่ไม่เกินวันละ 1,300 บาท
7) โดยในปัจจุบันใช้กฎกระทรวง ดังนี้
(1) กฎกระทรวงกำหนดอัตราค่ารักษาพยาบาลที่ให้นายจ้างจ่าย พ.ศ. 2558 ฉบับลงวันที่ 30 มกราคม 2558 มีผลใช้บังคับตั้งแต่ วันที่ 20 กุมภาพันธ์ 2558
(2) กฎกระทรวงกำหนดอัตราค่ารักษาพยาบาลที่ให้นายจ้างจ่าย (ฉบับที่ 2) พ.ศ. 2560 ฉบับลงวันที่ 17 กรกฎาคม 2560 มีผลใช้บังคับกรณีไม่เกิน 2,000,000 บาท ตั้งแต่วันที่ 1 มกราคม 2559",True,"ค่ะ สำหรับค่ารักษาพยาบาลกรณีเจ็บป่วยหรือประสบอันตรายเนื่องจากการทำงาน มีรายละเอียดดังนี้ค่ะ

*   **กรณีลูกจ้างประสบอันตรายหรือเจ็บป่วยเนื่องจากการทำงาน:** นายจ้างจะจ่ายค่ารักษาพยาบาลเท่าที่จ่ายจริงตามความจำเป็น แต่ไม่เกิน 50,000 บาท
*   **กรณีที่ค่ารักษาพยาบาล 50,000 บาท ไม่เพียงพอ:** นายจ้างจะจ่ายค่ารักษาพยาบาลเพิ่มอีกไม่เกิน 100,000 บาท สำหรับการประสบอันตรายหรือเจ็บป่วยที่มีลักษณะรุนแรง เช่น บาดเจ็บอวัยวะภายในหลายส่วน กระดูกหลายแห่ง ศีรษะ กระดูกสันหลัง หรือต้องผ่าตัดต่ออวัยวะที่ยุ่งยาก หรือประสบอันตรายจากไฟไหม้ น้ำร้อนลวก สารเคมี รังสี ไฟฟ้า หรือระเบิด จนถึงขั้นสูญเสียผิวหนังลึกถึงหนังแท้ตั้งแต่ร้อยละ 25 ของพื้นที่ผิวร่างกาย เป็นต้น
*   **กรณีค่ารักษาพยาบาลที่จ่ายเพิ่มตามข้อ 2 ไม่เพียงพอ:** นายจ้างจะจ่ายค่ารักษาพยาบาลเพิ่มขึ้นอีก โดยรวมค่ารักษาพยาบาลทั้งหมดแล้วต้องไม่เกิน 300,000 บาท สำหรับการประสบอันตรายหรือเจ็บป่วยที่มีลักษณะรุนแรงและซับซ้อนมากขึ้น เช่น ต้องใช้เครื่องช่วยหายใจ พักในหอผู้ป่วยหนัก หรือมีอาการบาดเจ็บรุนแรงของระบบสมองหรือไขสันหลัง เป็นต้น
*   **กรณีค่ารักษาพยาบาลตามข้อ 1-3 ไม่เพียงพอ:** นายจ้างจะจ่ายค่ารักษาพยาบาลเพิ่มขึ้นตามความเห็นของคณะกรรมการการแพทย์ แต่รวมกันแล้วต้องไม่เกิน 500,000 บาท
*   **กรณีค่ารักษาพยาบาลทุกกรณีไม่เพียงพอ:** นายจ้างจะจ่ายค่ารักษาพยาบาลเพิ่มขึ้นจนสิ้นสุดการรักษา แต่ไม่เกิน 2,000,000 บาท ในกรณีที่ลูกจ้างเข้ารับการรักษาในสถานพยาบาลของรัฐตั้งแต่เริ่มแรกจนสิ้นสุดการรักษา หรือมีเหตุสมควรที่ไม่สามารถเข้ารับการรักษาในสถานพยาบาลของรัฐตั้งแต่แรก แต่ภายหลังได้เข้ารับการรักษาในสถานพยาบาลของรัฐ

นอกจากนี้ ในกรณีที่ลูกจ้างเป็นผู้ป่วยใน",False,"Retrieval is acceptable (includes the expected chunk). However, the answer is incomplete and misses key details: it omits the general cap of 1,000,000 baht and the inpatient per-diem (1,300 baht/day), and it ends abruptly. Thus the content is insufficient despite being partially accurate.","[
  ""Incomplete answers omitting essential details, numbers, or specific requested information"",
  ""Response truncated or ends abruptly""
]"
16,1,อยากทราบรายละเอียดเรื่องสิทธิสงเคราะห์บุตรครับ,10,"10,7,15,28,1,27,9,40,12,44,18,2","ผู้ประกันตนที่ส่งเงินสมทบครบ 12 เดือน ภายใน 36 เดือน ก่อนเดือนที่มีสิทธิได้รับประโยชน์ทดแทน โดยจะได้รับเงินสงเคราะห์บุตรเหมาจ่ายเดือนละ 600 บาท/บุตร 1 คน/เดือน คราวละไม่เกิน 3 คน ตั้งแต่แรกเกิดจนถึง 6 ปีบริบูรณ์
**หมายเหตุ (ต้องเป็นบุตรชอบด้วยกฎหมาย)**",True,"สวัสดีค่ะ ดิฉันน้องออมสุข จากสำนักงานประกันสังคม ยินดีช่วยตรวจข้อมูล ‘คู่มือผู้ประกันตน’ ค่ะ

ผู้ประกันตนที่ส่งเงินสมทบครบ 12 เดือน ภายใน 36 เดือน ก่อนเดือนที่มีสิทธิได้รับประโยชน์ทดแทน จะได้รับเงินสงเคราะห์บุตรเหมาจ่ายเดือนละ 600 บาทต่อบุตร 1 คน ต่อเดือนค่ะ โดยจะได้รับคราวละไม่เกิน 3 คน และบุตรต้องมีอายุตั้งแต่แรกเกิดจนถึง 6 ปีบริบูรณ์ค่ะ

หากบุตรเป็นบุตรโดยชอบด้วยกฎหมาย จะได้รับสิทธินี้ค่ะ หากผู้ประกันตนเสียชีวิต หรือเป็นผู้ทุพพลภาพ จะยังคงได้รับเงินสงเคราะห์บุตรต่อไปจนกว่าบุตรจะมีอายุครบ 6 ปีบริบูรณ์ค่ะ

ไม่ทราบว่าสนใจรายละเอียดตรงไหนเพิ่มเติมไหมคะ",True,"Retrieval is acceptable since the expected chunk is included. The answer correctly states eligibility, amount, limits, age range, and lawful child requirement; the added note about continuation in case of death/disability is extra but not conflicting. Overall content is accurate and complete.",
16,2,ถ้าตายแล้วลูกยังได้เงินมั้ยครับ,10,"9,27,10,1,28,12,40,20,15,36,2,29",กรณีได้รับมติเป็นผู้ทุพพลภาพหรือถึงแก่ความตาย ให้ได้รับเงินสงเคราะห์บุตร ต่อไปจนบุตรมีอายุครบ 6 ปีบริบูรณ์,True,"กรณีผู้ประกันตนเสียชีวิต จะมีสิทธิประโยชน์สำหรับบุตรดังนี้ค่ะ

หากผู้ประกันตนจ่ายเงินสมทบมาแล้วตั้งแต่ 36 เดือนขึ้นไป แต่ไม่ถึง 120 เดือน บุตรจะได้รับเงินสงเคราะห์กรณีตายในอัตราร้อยละ 50 ของค่าจ้าง เป็นเวลา 4 เดือนค่ะ

หากผู้ประกันตนจ่ายเงินสมทบมาแล้วตั้งแต่ 120 เดือนขึ้นไป บุตรจะได้รับเงินสงเคราะห์กรณีตายในอัตราร้อยละ 50 ของค่าจ้าง เป็นเวลา 12 เดือนค่ะ

นอกจากนี้ หากผู้ประกันตนเป็นผู้ทุพพลภาพหรือถึงแก่ความตาย บุตรจะยังคงได้รับเงินสงเคราะห์บุตรต่อไปจนกว่าจะมีอายุครบ 6 ปีบริบูรณ์ค่ะ

ไม่ทราบว่าสนใจรายละเอียดตรงไหนเพิ่มเติมไหมคะ",True,Retrieval includes the expected chunk (10). The answer correctly states that the child continues to receive the child allowance until age 6 and adds related death-benefit details; the extra information is consistent and acceptable.,
17,1,กรณีทุพพลภาพเบิกค่ารักษาผู้ป่วยนอกได้เท่าไหร่ครับ,8,"8,3,27,39,2,5,1,36,28,7,43,18",คุณต้องการทราบรายละเอียดการเบิกรักษาพยาบาลสถานพยาบาลของ รัฐ หรือ เอกชน ครับ,True,"กรณีทุพพลภาพ ผู้ป่วยนอก ได้รับค่าบริการทางการแพทย์เท่าที่จ่ายจริงไม่เกินเดือนละ 2,000 บาทค่ะ มีเรื่องอื่น ๆ อยากสอบถามเพิ่มเติมไหมคะ?",False,"Retrieval is acceptable since the expected chunk was included. However, the answer should have asked to clarify whether it’s a public or private facility as expected; giving a fixed 2,000 THB/month may be misleading without that context, so the answer content is not aligned.","[
  ""Incomplete answers omitting essential details, numbers, or specific requested information"",
  ""Factually incorrect rates, limits, or eligibility despite correct retrieval""
]"
17,2,เอกชนครับ,8,"3,4,43,1,22,14,6,30,2,29,15,5","สถานพยาบาลเอกชน
กรณีผู้ป่วยนอก ได้รับค่าบริการทางการแพทย์เท่าที่จ่ายจริงไม่เกินเดือนละ 2,000 บาท",False,"กรณีทุพพลภาพ ผู้ป่วยนอก โรงพยาบาลเอกชน ได้รับค่าบริการทางการแพทย์เท่าที่จ่ายจริง ไม่เกินเดือนละ 2,000 บาทค่ะ ไม่ทราบว่าสนใจรายละเอียดตรงไหนเพิ่มเติมไหมคะ?",False,"Answer content matches the expected information and is acceptable, but retrieval did not include the expected chunk and shows no overlap, indicating poor retrieval accuracy.","[
  ""Missing expected chunk; retrieval failure causing unsupported or hallucinated content""
]"
18,1,ขอทราบรายละเอียดเกี่ยวกับการเปลี่ยนอวัยวะกระจกตา,2,"2,39,1,44,36,38,6,5,29,8,15,46","การเปลี่ยนอวัยวะกระจกตา
ผู้ประกันตนที่มีความประสงค์จะเปลี่ยนกระจกตา จะต้องได้รับการอนุมัติสิทธิจากสำนักงานเพื่อเข้ารับการผ่าตัดเปลี่ยนกระจกตาในสถานพยาบาลที่ทำความตกลงก่อนเข้ารับบริการ โดยสำนักงานเหมาจ่ายค่าบริการทางการแพทย์ให้แก่สถานพยาบาลในความตกลง ในอัตรา 35,000 บาท และจ่ายค่าจัดเก็บและรักษาคุณภาพดวงตาแก่สภากาชาดไทยในอัตราดวงละ 15,000 บาท กรณีที่มีการผ่าตัดกระจกตาร่วมกับการผ่าตัดต้อกระจกและใส่เลนส์เทียมเหมาจ่ายค่าเลนส์เทียมให้สถานพยาบาลตามอัตราที่ปรากฏในบัญชีรายการและอัตราค่าอวัยวะเทียมและอุปกรณ์ในการบำบัดรักษาโรค",True,"การเปลี่ยนอวัยวะกระจกตา ผู้ประกันตนที่มีความประสงค์จะเปลี่ยนกระจกตา จะต้องได้รับการอนุมัติสิทธิจากสำนักงานเพื่อเข้ารับการผ่าตัดเปลี่ยนกระจกตาในสถานพยาบาลที่ทำความตกลงก่อนเข้ารับบริการค่ะ สำนักงานจะเหมาจ่ายค่าบริการทางการแพทย์ให้แก่สถานพยาบาลในความตกลง ในอัตรา 35,000 บาท และจ่ายค่าจัดเก็บและรักษาคุณภาพดวงตาแก่สภากาชาดไทยในอัตราดวงละ 15,000 บาทค่ะ

หากเป็นการผ่าตัดกระจกตาร่วมกับการผ่าตัดต้อกระจกและใส่เลนส์เทียม จะมีการเหมาจ่ายค่าเลนส์เทียมให้สถานพยาบาลตามอัตราที่กำหนดค่ะ

ไม่ทราบว่าสนใจรายละเอียดในส่วนนี้เพิ่มเติมไหมคะ",True,"Retrieval is acceptable since it includes the expected chunk. The answer accurately covers approval requirements, payment rates (35,000 and 15,000), and the combined cataract/IOL case; it slightly generalizes the specific schedule reference but remains correct overall.",
19,1,ผมประสบอุบัติเหตุที่ต่างจังหวัด ไปรพ.ที่ลงทะเบียนไว้ไม่ได้ ถ้าผมไปเข้า รพ.เอกชน ในต่างจังหวัด จะเบิกได้ไหม,2,"4,43,3,8,1,2,46,7,22,27,6,13",ได้ครับ คุณต้องการทราบรายละเอียดการเบิกรักษาพยาบาลสถานพยาบาลของ รัฐ หรือ เอกชน ครับ,True,"สวัสดีค่ะ ดิฉันน้องออมสุข จากสำนักงานประกันสังคม ยินดีช่วยตรวจข้อมูล ‘คู่มือผู้ประกันตน’ ค่ะ

กรณีประสบอันตรายหรือเจ็บป่วยฉุกเฉิน และไม่สามารถเข้ารับบริการ ณ สถานพยาบาลที่กำหนดสิทธิได้ หากเข้ารับการบริการทางการแพทย์ ณ สถานพยาบาลเอกชนอื่น สำนักงานประกันสังคมจะจ่ายค่าบริการทางการแพทย์ให้แก่สถานพยาบาลที่ให้การรักษาจนพ้นวิกฤตไม่เกิน 72 ชั่วโมง โดยผู้ประกันตนไม่ต้องสำรองจ่ายค่ะ

ทั้งนี้ จะได้รับค่าบริการทางการแพทย์เฉพาะค่าใช้จ่ายที่เกิดขึ้นจริงตามความจำเป็น ภายในระยะเวลาไม่เกิน 72 ชั่วโมงแรก โดยไม่รวมวันหยุดราชการ ตามหลักเกณฑ์และจำนวนเงินทดแทนค่าบริการทางการแพทย์กรณีประสบอันตรายหรือเจ็บป่วยฉุกเฉิน ดังนี้ค่ะ

*   ค่ารักษาพยาบาลแต่ไม่เกินวันละ 2,000 บาท
*   ค่าห้องและค่าอาหาร ตามจำนวนเท่าที่จ่ายจริงไม่เกินวันละ 700 บาท
*   ค่าห้อง ค่าอาหาร ค่ารักษาพยาบาล กรณีที่รักษาในห้อง ICU ตามจำนวนเท่าที่จ่ายจริงแต่ไม่เกินวันละ 4,500 บาท
*   ค่าฟื้นคืนชีพ (cardio pulmonary resuscitation-cpr) รวมค่ายาและอุปกรณ์เท่าที่จ่ายจริงไม่เกิน 4,000 บาทต่อราย
*   ค่าตรวจทางห้องปฏิบัติการและหรือค่าเอกซเรย์ เท่าที่จ่ายจริงแต่ไม่เกิน 1,000 บาทต่อราย

มีเรื่องอื่น ๆ อยากสอบถามเพิ่มเติมไหมคะ?",True,Retrieval includes the expected chunk. The answer correctly addresses that treatment at a private hospital can be covered in emergencies with conditions and provides relevant details; it is more detailed than the expected brief follow-up but remains acceptable.,
19,2,รพ.รัฐครับ,2,"3,2,4,6,36,8,1,5,7,27,23,43","กรณีการประสบอันตรายหรือเจ็บป่วยฉุกเฉิน ไม่สามารถเข้ารับบริการ ณ สถานพยาบาลที่กำหนดสิทธิได้ เมื่อเข้ารับการบริการทางการแพทย์ ณ สถานพยาบาลอื่น สำนักงานประกันสังคมจ่ายค่าบริการทางการแพทย์ให้แก่ผู้ประกันตนหรือสถานพยาบาลดังนี้
โรงพยาบาลรัฐบาล
ผู้ป่วยนอก สำนักงานประกันสังคมจ่ายค่าบริการทางการแพทย์เท่าที่จ่ายจริงตามความจำเป็น
ผู้ป่วยใน สำนักงานประกันสังคมจ่ายค่าบริการทางการแพทย์ตามความจำเป็น ไม่เกิน 72 ชั่วโมงแรก ไม่รวมระยะเวลาในวันหยุดราชการ ยกเว้นค่าห้อง และค่าอาหารเท่าที่จ่ายจริงไม่เกิน 700 บาท/วัน",True,"สวัสดีค่ะ ดิฉันน้องออมสุข จากสำนักงานประกันสังคม ยินดีช่วยตรวจข้อมูล ‘คู่มือผู้ประกันตน’ ค่ะ

กรณีประสบอันตรายหรือเจ็บป่วยฉุกเฉิน และไม่สามารถเข้ารับบริการ ณ สถานพยาบาลที่กำหนดสิทธิได้ หากเข้ารับการบริการทางการแพทย์ ณ โรงพยาบาลของรัฐอื่น สำนักงานประกันสังคมจะจ่ายค่าบริการทางการแพทย์ให้แก่ผู้ประกันตนหรือสถานพยาบาล ดังนี้ค่ะ

*   **ผู้ป่วยนอก:** สำนักงานประกันสังคมจ่ายค่าบริการทางการแพทย์เท่าที่จ่ายจริงตามความจำเป็น
*   **ผู้ป่วยใน:** สำนักงานประกันสังคมจ่ายค่าบริการทางการแพทย์ตามความจำเป็น ไม่เกิน 72 ชั่วโมงแรก ไม่รวมระยะเวลาในวันหยุดราชการ ยกเว้นค่าห้องและค่าอาหารเท่าที่จ่ายจริงไม่เกิน 700 บาทต่อวันค่ะ

ไม่ทราบว่าสนใจรายละเอียดตรงไหนเพิ่มเติมไหมคะ?",True,"Retrieval includes the expected chunk (2) though with extra noise. The answer accurately restates the emergency coverage for government hospitals, including OPD/IPD details, 72-hour limit, and the 700 THB/day room and food cap. Overall correct and acceptable.",
20,1,ผมเปิดบริษัทอยู่จังหวัดเชียงใหม่ ต้องไปขึ้นทะเบียนให้ลูกจ้างที่ไหน,1,"52,45,46,1,51,49,0,32,23,43,41,44","นายจ้าง ที่มีสำนักงานใหญ่ในส่วนภูมิภาคให้ยื่นแบบขึ้นทะเบียนได้ที่สำนักงานประกันสังคมจังหวัดที่สถานประกอบการตั้งอยู่
***นายจ้างสามารถทำธุรกรรมผ่านทางinternet ได้ที่ www.sso.go.th***",True,"สวัสดีค่ะ ดิฉันน้องออมสุข จากสำนักงานประกันสังคม ยินดีช่วยตรวจข้อมูล ‘คู่มือผู้ประกันตน’ ค่ะ

นายจ้างที่มีสำนักงานใหญ่ในส่วนภูมิภาค ให้ยื่นแบบขึ้นทะเบียนได้ที่สำนักงานประกันสังคมจังหวัดที่สถานประกอบการตั้งอยู่ค่ะ

ไม่ทราบว่าสนใจรายละเอียดตรงไหนเพิ่มเติมไหมคะ?",True,"Retrieval is acceptable as it includes the expected chunk. The answer correctly states where to register but omits the online option and URL (www.sso.go.th), which is a minor omission.",
20,2,ขอเบอร์ติดต่อสำนักงานได้ไหม,52,"45,52,49,46,1,14,21,19,0,39,38,4",สำนักงานประกันสังคมจังหวัดเชียงใหม่ 053112629-30,True,"สวัสดีค่ะ ดิฉันน้องออมสุข จากสำนักงานประกันสังคม ยินดีช่วยตรวจข้อมูล ‘คู่มือผู้ประกันตน’ ค่ะ

หากต้องการติดต่อสำนักงานประกันสังคม สามารถติดต่อได้ที่ สายด่วน 1506 ตลอด 24 ชั่วโมงค่ะ

มีเรื่องอื่น ๆ อยากสอบถามเพิ่มเติมไหมคะ?",False,"Retrieval included the correct chunk (52), but the answer did not provide the requested office number and instead gave the general hotline. Essential information (Chiang Mai office 053-112629-30) was omitted, so the answer content is inadequate.","[
  ""Incomplete answers omitting essential details, numbers, or specific requested information"",
  ""Irrelevant, generic, or off-topic responses not using retrieved context properly""
]"
21,1,เงินค่าเทอมลูกเบิกได้เท่าไหร่ ,,"10,7,5,31,28,1,9,27,18,8,36,2",ขออภัยครับ ข้อมูลนี้ยังไม่มีในฐานข้อมูลของระบบในขณะนี้,True,"สวัสดีค่ะ ดิฉันน้องออมสุข จากสำนักงานประกันสังคม ยินดีช่วยตรวจข้อมูล ‘คู่มือผู้ประกันตน’ ค่ะ

ขออภัยค่ะ ข้อมูลส่วนนี้ไม่ปรากฏใน คู่มือผู้ประกันตน ที่ฉันเข้าถึงในตอนนี้ จึงยังยืนยันให้ไม่ได้ค่ะ มีเรื่องอื่นๆสอบถามเพิ่มเติมไหมคะ.",True,"Answer appropriately states the information is not available, matching the expected answer. Retrieval cannot be assessed since no expected chunks were provided.",
22,1,ประกันสังคมครอบคุมถึงประกันสุขภาพส่วนตัวไหม ,,"6,1,15,0,21,25,20,48,28,22,18,10",ขออภัยครับ ข้อมูลนี้ยังไม่มีในฐานข้อมูลของระบบในขณะนี้,True,"สวัสดีค่ะ ดิฉันน้องออมสุข จากสำนักงานประกันสังคม ยินดีช่วยตรวจข้อมูล ‘คู่มือผู้ประกันตน’ ค่ะ

ประกันสังคมไม่ได้ครอบคลุมถึงประกันสุขภาพส่วนตัวค่ะ ประกันสังคมจะให้ความคุ้มครองตามสิทธิประโยชน์ที่กำหนดไว้ในกองทุนประกันสังคม ซึ่งมีทั้งกรณีเจ็บป่วย คลอดบุตร ทุพพลภาพ ตาย สงเคราะห์บุตร ชราภาพ และว่างงานค่ะ

ไม่ทราบว่าสนใจรายละเอียดในส่วนไหนเพิ่มเติมไหมคะ",False,"Despite being plausible, the answer should have indicated no data available as expected. Retrieval has no corresponding expected chunks, and the content deviates from the expected fallback response.","[
  ""Failed to follow “information unavailable” fallback; provided unsupported guidance instead"",
  ""Missing expected chunk; retrieval failure causing unsupported or hallucinated content""
]"
23,1,อยากได้ปฏิทินประกันสังคม ติดต่อขอรับได้ที่ไหน ,,"25,21,1,52,0,49,19,14,39,46,15,17",ขออภัยครับ ข้อมูลนี้ยังไม่มีในฐานข้อมูลของระบบในขณะนี้,True,"สวัสดีค่ะ ดิฉันน้องออมสุข จากสำนักงานประกันสังคม ยินดีช่วยตรวจข้อมูล ‘คู่มือผู้ประกันตน’ ค่ะ

ขออภัยค่ะ ข้อมูลส่วนนี้ไม่ปรากฏใน คู่มือผู้ประกันตน ที่ฉันเข้าถึงในตอนนี้ จึงยังยืนยันให้ไม่ได้ค่ะ มีเรื่องอื่นๆสอบถามเพิ่มเติมไหมคะ.",True,"Answer correctly conveys that the information is not available, which matches the expected response. Retrieval cannot be assessed since no expected chunks were provided. Minor stylistic differences but content is acceptable.",
24,1,เราสามารถเบิกเคลมค่าพักที่อยู่อาศัยจากกระกันสังคมได้ไหม ,,"27,1,30,2,14,28,17,7,15,51,26,19",ขออภัยครับ ข้อมูลนี้ยังไม่มีในฐานข้อมูลของระบบในขณะนี้,True,"สวัสดีค่ะ ดิฉันน้องออมสุข จากสำนักงานประกันสังคม ยินดีช่วยตรวจข้อมูล ‘คู่มือผู้ประกันตน’ ค่ะ

ขออภัยค่ะ ข้อมูลส่วนนี้ไม่ปรากฏใน คู่มือผู้ประกันตน ที่ฉันเข้าถึงในตอนนี้ จึงยังยืนยันให้ไม่ได้ค่ะ มีเรื่องอื่นๆสอบถามเพิ่มเติมไหมคะ.",True,"Answer matches the expected response that the information isn’t available; retrieval has no ground-truth target, so not an issue. Content is polite and consistent with the expected intent.",
25,1,ในกรณีที่ทำงานอยู่เมืองนอกแล้วต้องการส่งประกันสังคมทำได้ไหม,,"1,17,25,21,15,46,44,49,20,0,14,36",ขออภัยครับ ข้อมูลนี้ยังไม่มีในฐานข้อมูลของระบบในขณะนี้,True,"สวัสดีค่ะ ดิฉันน้องออมสุข จากสำนักงานประกันสังคม ยินดีช่วยตรวจข้อมูล ‘คู่มือผู้ประกันตน’ ค่ะ

ขออภัยค่ะ ข้อมูลส่วนนี้ไม่ปรากฏใน คู่มือผู้ประกันตน ที่ฉันเข้าถึงในตอนนี้ จึงยังยืนยันให้ไม่ได้ค่ะ มีเรื่องอื่นๆสอบถามเพิ่มเติมไหมคะ.",True,"Answer matches the expected fallback stating the info is unavailable. Expected chunk IDs are none, so retrieval cannot be meaningfully assessed; content is acceptable.",
26,1,ทำงานบริษัทต่างชาติในไทย แต่ว่าบริษัทนั้นไม่ได้จดทะเบียนที่ไทย เป็นการทำงานแบบ remote work เราสามารถส่งประกันสังคมเองได้ไหม ,,"23,1,25,49,14,19,15,26,21,51,44,0",ขออภัยครับ ข้อมูลนี้ยังไม่มีในฐานข้อมูลของระบบในขณะนี้,True,"สวัสดีค่ะ ดิฉันน้องออมสุข จากสำนักงานประกันสังคม ยินดีช่วยตรวจข้อมูล ‘คู่มือผู้ประกันตน’ ค่ะ

สำหรับกรณีของคุณที่ทำงานแบบ remote work ให้กับบริษัทต่างชาติที่ไม่ได้จดทะเบียนในไทยนั้น หากคุณต้องการส่งเงินสมทบประกันสังคมด้วยตนเอง สามารถสมัครเป็นผู้ประกันตนมาตรา 40 ได้ค่ะ

คุณสมบัติของผู้สมัครมาตรา 40 มีดังนี้ค่ะ
*   มีสัญชาติไทย
*   อายุไม่ต่ำกว่า 15 ปีบริบูรณ์ และไม่เกิน 60 ปีบริบูรณ์
*   ไม่เป็นผู้ประกันตนมาตรา 33 หรือมาตรา 39
*   ไม่เป็นสมาชิกกองทุนบำเหน็จบำนาญข้าราชการ หรือกองทุนอื่นของรัฐที่มีลักษณะเดียวกัน

หากคุณมีคุณสมบัติตรงตามนี้ สามารถสมัครได้ที่สำนักงานประกันสังคม หรือสมัครผ่านระบบอินเทอร์เน็ตที่เว็บไซต์ www.sso.go.th/section40_regist/ หรือสมัครผ่านหน่วยบริการที่ทำความตกลงกับสำนักงานประกันสังคม เช่น เคาน์เตอร์เซอร์วิสในร้านเซเว่นอีเลฟเว่นค่ะ

ไม่ทราบว่าสนใจรายละเอียดในส่วนของการสมัครหรือการชำระเงินสมทบเพิ่มเติมไหมคะ",False,"The system expected a fallback indicating no available information, but the answer provided detailed guidance instead. Retrieval is unclear (expected chunks are none), and the content appears unsupported by the KB for this turn.","[
  ""Failed to follow 'information unavailable' fallback; provided unsupported guidance instead"",
  ""Missing expected chunk; retrieval failure causing unsupported or hallucinated content""
]"
27,1,เราเป็นคนขับ Taxi แล้วดันไปขับรถชนสุนัขได้รับบาดเจ็บ เจ้าของสุนัขมาเรียกเงินกับเรา กรณีแบบนี้ทางประกันสังคมช่วยไรได้ไหม ,,"1,36,46,18,15,28,9,27,49,43,21,29",ขออภัยครับ ข้อมูลนี้ยังไม่มีในฐานข้อมูลของระบบในขณะนี้,True,"สวัสดีค่ะ ดิฉันน้องออมสุข จากสำนักงานประกันสังคม ยินดีช่วยตรวจข้อมูล ‘คู่มือผู้ประกันตน’ ค่ะ

กรณีที่คุณขับรถ Taxi แล้วประสบอุบัติเหตุชนสุนัขได้รับบาดเจ็บ และเจ้าของสุนัขมาเรียกเงินนั้น ข้อมูลในคู่มือผู้ประกันตนไม่ได้ระบุถึงความคุ้มครองในกรณีดังกล่าวค่ะ

อย่างไรก็ตาม หากคุณเป็นผู้ประกันตนตามมาตรา 33 หรือมาตรา 40 และได้รับบาดเจ็บจากการทำงาน หรือประสบอุบัติเหตุที่เกี่ยวข้องกับการทำงาน อาจมีสิทธิได้รับความคุ้มครองจากกองทุนเงินทดแทนค่ะ

ไม่ทราบว่าคุณต้องการสอบถามรายละเอียดเพิ่มเติมเกี่ยวกับสิทธิประโยชน์ในกรณีใดเป็นพิเศษไหมคะ",True,"Mostly acceptable: it acknowledges the handbook lacks information for this scenario, aligning with the expected “no data” response. Minor issue: it adds extra guidance and inaccurately suggests Section 40 might relate to the Workmen’s Compensation Fund. Retrieval not comparable (no expected chunks).",
28,1,ประกันสังคมตั้งอยู่ที่ตุก SKY9 Tower จริงหรอ ผู้ประกันตนสามารถรู้ได้ไหมว่าประกันสังคมเอาเงินของผู้กระกันตนไปลงทุนที่ไหนบ้าง ,,"1,0,25,19,21,20,14,15,18,9,2,26",ขออภัยครับ ข้อมูลนี้ยังไม่มีในฐานข้อมูลของระบบในขณะนี้,True,"สวัสดีค่ะ ดิฉันน้องออมสุข จากสำนักงานประกันสังคม ยินดีช่วยตรวจข้อมูล ‘คู่มือผู้ประกันตน’ ค่ะ

ขออภัยค่ะ ข้อมูลส่วนนี้ไม่ปรากฏใน คู่มือผู้ประกันตน ที่ฉันเข้าถึงในตอนนี้ จึงยังยืนยันให้ไม่ได้ค่ะ มีเรื่องอื่นๆสอบถามเพิ่มเติมไหมคะ.",True,Answer aligns with the expected “information not available” response and is appropriate. Retrieval can’t be assessed due to no expected chunks provided. Minor stylistic differences but content is acceptable.,
29,1,ได้ยินข่าวมาว่าประกันสังคมถ้าไม่มีคนใหม่ส่งเงิน เงินจะไม่พอหรอ ตอนนี้เราอายุ 40 เราส่งมาแล้ว 20 ปี แต่เด็กรุ่นใหม่เริ่มไม่ส่งแล้ว ตอนเรา 60 เราจะได้เงินอยู่ไหม,,"28,10,6,1,27,12,7,9,18,20,23,21",ขออภัยครับ ข้อมูลนี้ยังไม่มีในฐานข้อมูลของระบบในขณะนี้,True,"สวัสดีค่ะ ดิฉันน้องออมสุข จากสำนักงานประกันสังคม ยินดีช่วยตรวจข้อมูล ‘คู่มือผู้ประกันตน’ ค่ะ

สำหรับกรณีชราภาพ หากส่งเงินสมทบมาแล้ว 180 เดือนขึ้นไป เมื่ออายุครบ 55 ปีบริบูรณ์ จะได้รับเป็นเงินบำนาญชราภาพตลอดชีวิตค่ะ

หากส่งเงินสมทบไม่ครบ 180 เดือน จะได้รับเป็นเงินบำเหน็จชราภาพค่ะ

ไม่ทราบว่าสนใจรายละเอียดเกี่ยวกับเงินบำนาญชราภาพเพิ่มเติมไหมคะ",True,"Answer gives correct eligibility for old-age pension (180 months → lifetime pension from 55), which addresses the user’s concern implicitly; it doesn’t directly discuss the fund solvency rumor. Retrieval can’t be assessed since no expected chunks were provided.",
