Session ID,Turn,Question,Expected Chunk ID,Actual Chunk ID,Expected Answer,Found,Actual Answer,Result,Comments
1,1,สอบถามหน่อยครับ ต้นเดือนหน้าผมจะเริ่มว่างงาน ถ้าผมต้องการเงินชดเชยกรณีว่างงานต้องทำยังไงครับ,13,"13,1,17,27,28,44,37,45,36,43,8,40","ได้เลยครับ เบื้องต้นผมของสอบถามข้อมูลเพิ่มเติม ดังนี้
1. คุณเป็นผู้ประกันตนที่ส่งเงินสมทบครบ 6 เดือน ภายใน 15 เดือนก่อนการว่างงานหรือไม่
2. คุณอยู่ในกรณีใด
     - ถูกเลิกจ้าง
     - ลาออกหรือสิ้นสุดสัญญาจ้างที่มีกำหนดระยะเวลาการจ้างไว้แน่นอน
     - ทำงานไม่ได้จากเหตุสุดวิสัย เช่น เหตุเกิดจากภัยธรรมชาติที่ทำให้นายจ้างไม่สามารถประกอบกิจการได้ตามปกติ",True,"สวัสดีค่ะ ดิฉันน้องออมสุข จากสำนักงานประกันสังคม ยินดีช่วยตรวจข้อมูล ‘คู่มือผู้ประกันตน’ ค่ะ

กรณีว่างงาน ผู้ประกันตนต้องส่งเงินสมทบมาแล้ว 6 เดือน ภายใน 15 เดือนก่อนการว่างงานค่ะ

หากถูกเลิกจ้าง จะได้รับเงินทดแทนการขาดรายได้ร้อยละ 50 ของค่าจ้าง ครั้งละไม่เกิน 180 วันค่ะ

หากลาออกหรือสิ้นสุดสัญญาจ้าง จะได้รับเงินทดแทนการขาดรายได้ร้อยละ 30 ของค่าจ้าง ครั้งละไม่เกิน 90 วันค่ะ

ทั้งนี้ ผู้ประกันตนต้องขึ้นทะเบียนผู้ว่างงานและรายงานตัวทางอินเทอร์เน็ตที่เว็บไซต์ www.empui.doe.go.th ภายใน 30 วัน นับแต่วันที่ถูกเลิกจ้างหรือลาออก หรือสิ้นสุดสัญญาจ้าง เพื่อไม่ให้เสียสิทธิในการรับเงินทดแทนการขาดรายได้กรณีว่างงานค่ะ

ไม่ทราบว่าสนใจรายละเอียดตรงไหนเพิ่มเติมไหมคะ?",True,"Retrieval is acceptable as it includes the expected chunk despite extra ones. The answer is accurate and helpful (eligibility, benefit rates/durations, and registration steps), though it omits the force majeure case and the clarifying questions expected."
1,2,"1. ใช่ครับ
2.ลาออกเองครับ",13,"20,15,13,21,1,16,17,4,0,24,37,5","หากคุณเป็นผู้ประกันตนที่ส่งเงินสมทบครบ 6 เดือน ภายใน 15 เดือนก่อนการว่างงาน และอยู่ในกรณีที่ 2 คือลาออก คุณจะได้รับเงินทดแทน โดยมีรายละเอียด ดังนี้
- ได้รับเงินทดแทนการขาดรายได้ในระหว่างการว่างงานร้อยละ 30 ของค่าจ้าง ครั้งละไม่เกิน 90 วัน
- หากใน 1 ปีปฏิทิน มีการยื่นขอรับเงินทดแทนการขาดรายได้
ในระหว่างการว่างงาน ให้นับระยะเวลาการรับเงินทดแทนการขาดรายได้ในระหว่างการว่างงาน รวมกันไม่เกิน 180 วัน
- หากใน 1 ปีปฏิทิน มีการยื่นขอรับเงินทดแทนการขาดรายได้
ในระหว่างการว่างงาน เกิน 1 ครั้ง ให้นับระยะเวลาการรับเงินทดแทนการขาดรายได้ในระหว่างการว่างงาน รวมกันไม่เกิน 90 วัน

โดยผู้ประกันตนต้องขึ้นทะเบียนผู้ว่างงานและรายงานตัว
ทางระบบอินเตอร์เน็ต (เว็บไซต์ www.empui.doe.go.th) ภายใน
30 วัน นับแต่วันที่ถูกเลิกจ้างหรือลาออก หรือสิ้นสุดสัญญาจ้างฯ
เพื่อมิให้เสียสิทธิในการรับเงินทดแทนการขาดรายได้กรณีว่างงาน",True,"สวัสดีค่ะ ดิฉันน้องออมสุข จากสำนักงานประกันสังคม ยินดีช่วยตรวจข้อมูล ‘คู่มือผู้ประกันตน’ ค่ะ

กรณีลาออกเอง ผู้ประกันตนต้องส่งเงินสมทบมาแล้ว 6 เดือน ภายใน 15 เดือนก่อนการว่างงานค่ะ

จะได้รับเงินทดแทนการขาดรายได้ในระหว่างการว่างงาน ร้อยละ 30 ของค่าจ้าง ครั้งละไม่เกิน 90 วันค่ะ

ผู้ประกันตนต้องขึ้นทะเบียนผู้ว่างงานและรายงานตัวทางอินเทอร์เน็ตที่เว็บไซต์ www.empui.doe.go.th ภายใน 30 วัน นับแต่วันที่ลาออก เพื่อไม่ให้เสียสิทธิในการรับเงินทดแทนการขาดรายได้กรณีว่างงานค่ะ

ไม่ทราบว่าสนใจรายละเอียดตรงไหนเพิ่มเติมไหมคะ?",True,"Retrieval is acceptable as it includes the expected chunk. The answer accurately covers eligibility, benefit rate/duration, and registration steps, but omits the calendar-year cumulative day limits—minor omission."
2,1,ถ้าต้องการยื่นขึ้นทะเบียนประกันสังคมต้องใช้เอกสารอะไรบ้าง,1,"17,1,0,24,44,25,21,23,46,20,49,15","หลักฐานประจำตัวผู้ประกันตน มีดังนี้
1. สำหรับผู้ประกันตนที่เป็นคนไทยจะใช้บัตรประจำตัวประชาชนแทนบัตรประกันสังคม
2. ผู้ประกันตนที่เป็นคนต่างด้าวที่ทำงานโดยมีใบอนุญาตทำงานจะได้รับบัตรประกันสังคม เพื่อใช้ติดต่อกับสำนักงานประกันสังคม
3. ผู้ประกันตนที่เป็นคนต่างด้าวที่มีบัตรประจำตัวที่กรมการปกครองออกให้ หรือผู้ประกันตนต่างด้าวที่มีใบสำคัญประจำตัวคนต่างด้าวให้ใช้เอกสารดังกล่าวแทนบัตรประกันสังคม เพื่อใช้ติดต่อกับสำนักงานประกันสังคม",True,"สวัสดีค่ะ ดิฉันน้องออมสุข จากสำนักงานประกันสังคม ยินดีช่วยตรวจข้อมูล ‘คู่มือผู้ประกันตน’ ค่ะ

หากต้องการยื่นขึ้นทะเบียนนายจ้าง จะต้องใช้เอกสารดังนี้ค่ะ

*   แบบขึ้นทะเบียนนายจ้าง (สปส.1-01)
*   สำเนาหนังสือรับรองการจดทะเบียนนิติบุคคล (กรณีเป็นนิติบุคคล)
*   สำเนาบัตรประจำตัวประชาชนของกรรมการผู้จัดการ หรือผู้มีอำนาจลงนามผูกพันบริษัท

หากต้องการยื่นขึ้นทะเบียนผู้ประกันตน (มาตรา 33) จะต้องใช้เอกสารดังนี้ค่ะ

*   แบบขึ้นทะเบียนผู้ประกันตน (สปส.6-03)
*   สำเนาบัตรประจำตัวประชาชน

ไม่ทราบว่าสนใจรายละเอียดในส่วนไหนเพิ่มเติมไหมคะ",True,"Retrieval includes the expected chunk. The answer is generally relevant, listing documents for registration, but it adds employer details and omits the foreign-national ID specifics present in the expected answer. Overall acceptable with minor omissions."
2,2,แล้วต้องไปยื่นขึ้นทะเบียนที่ไหน,1,"23,1,0,49,44,14,19,25,17,24,21,46","- กรณีนายจ้าง ที่มีสำนักงานใหญ่ตั้งอยู่ในเขตกรุงเทพมหานครให้ยื่นแบบได้ที่สำนักงานประกันสังคมกรุงเทพมหานครพื้นที่นที่สถานประกอบการตั้งอยู่
- กรณีนายจ้าง ที่มีสำนักงานใหญ่ในส่วนภูมิภาคให้ยื่นแบบขึ้นทะเบียนได้ที่สำนักงานประกันสังคมจังหวัดที่สถานประกอบการตั้งอยู่

***นายจ้างสามารถทำธุรกรรมผ่านทางอินเตอร์เน็ตได้ที่ www.sso.go.th***",True,"สวัสดีค่ะ ดิฉันน้องออมสุข จากสำนักงานประกันสังคม ยินดีช่วยตรวจข้อมูล ‘คู่มือผู้ประกันตน’ ค่ะ

หากเป็นนายจ้างที่มีสำนักงานใหญ่ตั้งอยู่ในเขตกรุงเทพมหานคร ให้ยื่นแบบขึ้นทะเบียนได้ที่สำนักงานประกันสังคมกรุงเทพมหานครพื้นที่ที่สถานประกอบการตั้งอยู่ค่ะ

ส่วนนายจ้างที่มีสำนักงานใหญ่ในส่วนภูมิภาค ให้ยื่นแบบขึ้นทะเบียนได้ที่สำนักงานประกันสังคมจังหวัดที่สถานประกอบการตั้งอยู่ค่ะ

นอกจากนี้ นายจ้างยังสามารถทำธุรกรรมผ่านทางอินเทอร์เน็ตได้ที่ www.sso.go.th ค่ะ

ไม่ทราบว่าต้องการสอบถามรายละเอียดเพิ่มเติมในส่วนไหนอีกไหมคะ",True,"Answer is accurate and complete (Bangkok vs provincial offices and online option). Retrieval includes the expected chunk, though with many extra IDs; still acceptable."
2,3,ต้องไปยื่นภายในกี่วัน,1,"44,49,21,13,16,17,1,6,46,20,28,7",เมื่อมีการรับลูกจ้างใหม่เพิ่มขึ้นต้องแจ้งขึ้นทะเบียนลูกจ้างใหม่ภายใน 30 วัน นับแต่ลูกจ้างเข้าทำงานครับ,True,"สวัสดีค่ะ ดิฉันน้องออมสุข จากสำนักงานประกันสังคม ยินดีช่วยตรวจข้อมูล ‘คู่มือผู้ประกันตน’ ค่ะ

นายจ้างที่มีลูกจ้างตั้งแต่ 1 คนขึ้นไป จะต้องขึ้นทะเบียนนายจ้างพร้อมกับขึ้นทะเบียนลูกจ้างที่เป็นผู้ประกันตน **ภายใน 30 วัน** นับตั้งแต่มีลูกจ้าง 1 คนขึ้นไปค่ะ

และเมื่อมีการรับลูกจ้างใหม่เพิ่มขึ้น ต้องแจ้งขึ้นทะเบียนลูกจ้างใหม่ **ภายใน 30 วัน** นับแต่ลูกจ้างเข้าทำงานเช่นกันค่ะ

ไม่ทราบว่าต้องการสอบถามรายละเอียดเพิ่มเติมในส่วนไหนอีกไหมคะ",True,Retrieval is acceptable as it includes the expected chunk (1). The answer correctly states the 30-day requirement for registering new employees and adds relevant employer registration info; extra context is fine.
3,1,ผมไข้ขึ้นที่ต่างจังหวัด ไปรพ.ที่ลงทะเบียนไว้ไม่ได้ ถ้าผมไปเข้า รพ.เอกชน ในต่างจังหวัด จะเบิกได้ไหม,2,"43,4,3,2,8,1,6,7,46,22,27,25","คุณสามารถเบิกค่ารักษากับสำนักงานประกันสังคมได้ครับ หากคุณเป็นผู้ประกันตนที่ส่งเงินสมทบครบ 3 เดือน ภายใน 15 เดือนก่อนเดือนที่เจ็บป่วย โดยกรณีการประสบเจ็บป่วยฉุกเฉิน ไม่สามารถเข้ารับบริการ ณ สถานพยาบาลที่กำหนดสิทธิได้ เมื่อเข้ารับการบริการทางการแพทย์ ณ สถานพยาบาลอื่น ซึ่งหากคุณต้องการเข้ารักษาใน รพ.เอกชน สำนักงานประกันสังคมจ่ายค่าบริการทางการแพทย์ให้แก่ผู้ประกันตนหรือสถานพยาบาล ดังนี้
1. ผู้ป่วยนอก
: ให้ได้รับค่าบริการทางการแพทย์ตามจำนวนเท่าที่จ่ายจริงไม่เกิน 1,000 บาท
2. ผู้ป่วยใน
: ให้ได้รับค่าบริการทางการแพทย์เฉพาะค่าใช้จ่ายที่เกิดขึ้นจริงตามความจำเป็น ภายในระยะเวลาไม่เกิน 72 ชั่วโมงแรก โดยไม่รวมวันหยุดราชการ ตามหลักเกณฑ์และจำนวนเงินทดแทนค่าบริการทางการแพทย์กรณีประสบอันตรายหรือเจ็บป่วยฉุกเฉิน ดังนี้
- ค่ารักษาพยาบาลแต่ไม่เกินวันละ 2,000 บาท
- ค่าห้องและค่าอาหาร ตามจำนวนเท่าที่จ่ายจริงไม่เกินวันละ 700 บาท
- ค่าห้อง ค่าอาหาร ค่ารักษาพยาบาล กรณีที่รักษาในห้อง ICU ตามจำนวนเท่าที่จ่ายจริงแต่ไม่เกินวันละ 4,500 บาท
",True,"สวัสดีค่ะ ดิฉันน้องออมสุข จากสำนักงานประกันสังคม ยินดีช่วยตรวจข้อมูล ‘คู่มือผู้ประกันตน’ ค่ะ

กรณีผู้ประกันตนประสบอันตรายหรือเจ็บป่วยฉุกเฉิน และไม่สามารถเข้ารับบริการ ณ สถานพยาบาลที่กำหนดสิทธิได้ หากเข้ารับการบริการทางการแพทย์ ณ สถานพยาบาลเอกชนอื่น สำนักงานประกันสังคมจะจ่ายค่าบริการทางการแพทย์ให้แก่สถานพยาบาลที่ให้การรักษาจนพ้นวิกฤตไม่เกิน 72 ชั่วโมง โดยผู้ประกันตนไม่ต้องสำรองจ่ายค่ะ

ทั้งนี้ จะได้รับค่าบริการทางการแพทย์เฉพาะค่าใช้จ่ายที่เกิดขึ้นจริงตามความจำเป็น ภายในระยะเวลาไม่เกิน 72 ชั่วโมงแรก โดยไม่รวมวันหยุดราชการ ตามหลักเกณฑ์และจำนวนเงินทดแทนค่าบริการทางการแพทย์กรณีประสบอันตรายหรือเจ็บป่วยฉุกเฉิน ดังนี้ค่ะ

*   ค่ารักษาพยาบาลแต่ไม่เกินวันละ 2,000 บาท
*   ค่าห้องและค่าอาหาร ตามจำนวนเท่าที่จ่ายจริงไม่เกินวันละ 700 บาท
*   ค่าห้อง ค่าอาหาร ค่ารักษาพยาบาล กรณีที่รักษาในห้อง ICU ตามจำนวนเท่าที่จ่ายจริงแต่ไม่เกินวันละ 4,500 บาท

ไม่ทราบว่าสนใจรายละเอียดตรงไหนเพิ่มเติมไหมคะ?",True,"Retrieval is acceptable (includes the expected chunk). The answer correctly explains emergency treatment coverage and limits within 72 hours, but omits the OPD reimbursement (up to 1,000 THB) and the contribution eligibility condition; still mostly correct for the core scenario."
3,2,แค่อยากไปให้หมอตรวจแล้วเอายามากินครับ ไม่อยากแอดมิด พรุ่งนี้มีงานต้องไปทำต่อครับ,2,"49,6,2,3,4,1,8,34,15,47,45,17","กรณีผู้ป่วยนอก และไม่สามารถเข้ารับบริการ ณ สถานพยาบาลที่กำหนดสิทธิได้ คุณมีสิทธิ์ได้รับค่าบริการทางการแพทย์ตามจำนวนเท่าที่จ่ายจริงไม่เกิน 1,000 บาทครับ",True,"สวัสดีค่ะ ดิฉันน้องออมสุข จากสำนักงานประกันสังคม ยินดีช่วยตรวจข้อมูล ‘คู่มือผู้ประกันตน’ ค่ะ

กรณีผู้ประกันตนประสบอันตรายหรือเจ็บป่วยฉุกเฉิน และไม่สามารถเข้ารับบริการ ณ สถานพยาบาลที่กำหนดสิทธิได้ หากเข้ารับการบริการทางการแพทย์ ณ สถานพยาบาลเอกชนอื่น สำนักงานประกันสังคมจะจ่ายค่าบริการทางการแพทย์ให้แก่สถานพยาบาลที่ให้การรักษาจนพ้นวิกฤตไม่เกิน 72 ชั่วโมง โดยผู้ประกันตนไม่ต้องสำรองจ่ายค่ะ

ทั้งนี้ จะได้รับค่าบริการทางการแพทย์เฉพาะค่าใช้จ่ายที่เกิดขึ้นจริงตามความจำเป็น ภายในระยะเวลาไม่เกิน 72 ชั่วโมงแรก โดยไม่รวมวันหยุดราชการ ตามหลักเกณฑ์และจำนวนเงินทดแทนค่าบริการทางการแพทย์กรณีประสบอันตรายหรือเจ็บป่วยฉุกเฉิน ดังนี้ค่ะ

*   ค่ารักษาพยาบาลแต่ไม่เกินวันละ 2,000 บาท
*   ค่าห้องและค่าอาหาร ตามจำนวนเท่าที่จ่ายจริงไม่เกินวันละ 700 บาท
*   ค่าห้อง ค่าอาหาร ค่ารักษาพยาบาล กรณีที่รักษาในห้อง ICU ตามจำนวนเท่าที่จ่ายจริงแต่ไม่เกินวันละ 4,500 บาท

ไม่ทราบว่าสนใจรายละเอียดตรงไหนเพิ่มเติมไหมคะ?",False,"Retrieval includes the expected chunk (2) but is noisy with many extras. The answer content is incorrect for the user’s situation—It explains emergency 72-hour benefits instead of the outpatient reimbursement up to 1,000 THB when not using the designated hospital."
3,3,แล้วในกรณีนี้ผมต้องทำเรื่องเบิกยังไง,2,"43,45,25,1,17,7,44,5,46,4,21,18",ขออภัยครับ ข้อมูลส่วนนี้ไม่ปรากฎในคู่มือประกันตนที่ผมเข้าถึง ณ ตอนนี้ จึงยืนยันคำตอบให้ไม่ได้ครับ ,False,"สวัสดีค่ะ ดิฉันน้องออมสุข จากสำนักงานประกันสังคม ยินดีช่วยตรวจข้อมูล ‘คู่มือผู้ประกันตน’ ค่ะ

ในกรณีที่คุณประสบอันตรายหรือเจ็บป่วยฉุกเฉิน และเข้ารับการรักษาที่โรงพยาบาลเอกชนอื่นนอกเหนือจากที่ลงทะเบียนไว้ คุณไม่ต้องสำรองจ่ายค่ารักษาพยาบาลใน 72 ชั่วโมงแรกค่ะ โดยสำนักงานประกันสังคมจะจ่ายค่าบริการทางการแพทย์ให้แก่สถานพยาบาลโดยตรงค่ะ

หากคุณต้องการทราบรายละเอียดเพิ่มเติมเกี่ยวกับการดำเนินการ หรือมีข้อสงสัยอื่นใด สามารถสอบถามเพิ่มเติมได้นะคะ",False,"Retrieval is off—no overlap with the expected chunk (2). The answer does not address the user’s question about how to claim and contradicts the expected response of acknowledging missing information, instead giving unrelated 72-hour policy details."
4,1,ผมสามารถโทรถามข้อมูลได้ไหมครับ,47,"50,39,45,14,46,49,52,21,43,4,2,38",ได้ครับ ขอทราบหน่วยงานสังกัดสำนักงานประกันสังคมหรือจังหวัดที่อยู่ของคุณครับ,False,"สวัสดีค่ะ ดิฉันน้องออมสุข จากสำนักงานประกันสังคม ยินดีช่วยตรวจข้อมูล ‘คู่มือผู้ประกันตน’ ค่ะ

คุณสามารถติดต่อสอบถามข้อมูลเพิ่มเติมได้ที่ สายด่วน 1506 ตลอด 24 ชั่วโมงค่ะ

มีเรื่องอื่น ๆ อยากสอบถามเพิ่มเติมไหมคะ?",True,"Answer is acceptable and addresses the question by providing a hotline number; however, retrieval did not include the expected chunk. Content is mostly correct despite minor stylistic fluff and not asking for province as in the expected reply."
4,2,ผมอยู่สงขลาครับ,47,"52,51,1,0,6,16,25,9,28,23,4,41","หมายเลขโทรศัทพ์หน่วยงานสังกัดสำนักงานประกันสังคมของคุณ มีดังนี้ครับ
- สำนักงานประกันสังคมจังหวัดสงขลา โทร 0 7430 0550
   - สาขาหาดใหญ่ โทร 0 7455 9600-4
   - สาขาสะเดา 0 7424 1317, 0 7424 1319",False,"สวัสดีค่ะ ดิฉันน้องออมสุข จากสำนักงานประกันสังคม ยินดีช่วยตรวจข้อมูล ‘คู่มือผู้ประกันตน’ ค่ะ

หากคุณอยู่ที่จังหวัดสงขลา สามารถติดต่อสอบถามข้อมูลเพิ่มเติมได้ที่ สำนักงานประกันสังคมจังหวัดสงขลา หรือสาขาในพื้นที่ค่ะ

มีเรื่องอื่น ๆ อยากสอบถามเพิ่มเติมไหมคะ?",False,"Retrieval missed the expected chunk (47) entirely. The answer is generic and omits the essential phone numbers for the Songkhla offices, which were expected. Both retrieval and answer content are insufficient."
5,1,ผมสามารถเบิกค่าดัดฟันกับประกันสังคมได้ไหมครับ,2,"5,1,7,21,2,25,8,19,14,9,6,28",ไม่ได้ครับ กรณีเบิกสำหรับค่ารักษาดัดฟันจะอยู่นอกเหนือกรณีที่ประกันสังคมระบุไว้นะครับ,True,"สวัสดีค่ะ ดิฉันน้องออมสุข จากสำนักงานประกันสังคม ยินดีช่วยตรวจข้อมูล ‘คู่มือผู้ประกันตน’ ค่ะ

กรณีทันตกรรม ประกันสังคมให้สิทธิประโยชน์สำหรับการถอนฟัน อุดฟัน ขูดหินปูน และผ่าตัดฟันคุด โดยสามารถเบิกค่าบริการทางการแพทย์ได้ตามที่จ่ายจริงในอัตราไม่เกิน 900 บาทต่อปีค่ะ

ไม่ทราบว่าสนใจรายละเอียดตรงไหนเพิ่มเติมไหมคะ?",True,"Retrieval is acceptable since it includes the expected chunk. The answer lists covered dental services and implies orthodontics is excluded, which aligns with the expected meaning, though it’s slightly indirect and could have explicitly stated that orthodontics is not covered."
5,2,แล้วถ้าไปหาหมอฟันที่คลินิคสามารถเบิกค่าอะไรได้บ้างครับ,2,"5,7,2,43,3,1,8,36,41,27,28,9","กรณีทันตกรรมที่ประกันสังคมระบุไว้มีดังนี้

- กรณีถอนฟัน อุดฟัน ขูดหินปูน และผ่าตัด ฟันคุดให้ผู้ประกันตนมีสิทธิได้รับค่าบริการทางการแพทย์เท่าที่จ่ายจริงตามความจำเป็นในอัตราไม่เกิน 900 บาท ต่อปี

ในกรณีที่ผู้ประกันตนเข้ารับบริการทางการแพทย์ ณ สถานพยาบาจ
ที่ทำความตกลงกับสำนักงานประกันสังคมให้ผู้ประกันตนจ่ายค่าบริการทางการแพทย์ให้กับสถานพยาบาล ส่วนเกินจากสิทธิที่ได้รับ
- กรณีใส่ฟันเทียมชนิดถอดได้บางส่วน จะได้รับค่าบริการทางการแพทย์และค่าฟันเทียม เท่าที่จ่ายจริงตามความจำเป็นไม่เกิน 1,500 บาท ภายในระยะเวลา 5 ปี นับแต่วันที่ใส่ฟันเทียม ดังนี้
   1) 1-5 ซี่ เท่าที่จ่ายจริงตามความจำเป็น ไม่เกิน 1,300 บาท
   2) มากกว่า 5 ชี่ เท่าที่จ่ายจริงตามความจำเป็นไม่เกิน 1,500 บาท
- กรณีใส่ฟันเทียมชนิดถอดได้ทั้งปาก เบิกได้เท่าที่จ่ายจริง ไม่เกิน 4,400 บาท ภายใน 5 ปี นับแต่วันที่ใส่ฟันเทียมตามหลักเกณฑ์ ดังนี้
   1) ฟันเทียมชนิดถอดได้ทั้งปากบนหรือล่างเท่าที่จ่ายจริงไม่เกิน 2,400 บาท
   2) ฟันเทียมชนิดถอดได้ทั้งปากบนและล่างเท่าที่จ่ายจริงไม่เกิน 4,400 บาท",True,"สวัสดีค่ะ ดิฉันน้องออมสุข จากสำนักงานประกันสังคม ยินดีช่วยตรวจข้อมูล ‘คู่มือผู้ประกันตน’ ค่ะ

กรณีทันตกรรม ประกันสังคมให้สิทธิประโยชน์สำหรับการถอนฟัน อุดฟัน ขูดหินปูน และผ่าตัดฟันคุด โดยสามารถเบิกค่าบริการทางการแพทย์ได้ตามที่จ่ายจริงในอัตราไม่เกิน 900 บาท ต่อปีค่ะ

ไม่ทราบว่าสนใจรายละเอียดตรงไหนเพิ่มเติมไหมคะ?",False,"Retrieval is acceptable (includes the expected chunk), but the answer is incomplete. It correctly mentions the 900-baht/year coverage for basic dental treatments but omits key benefits like denture reimbursements and related limits, which are essential to the question."
6,1,ต้องการเปลี่ยนแปลงข้อมูลผู้ประกันตนต้องทำยังไง,0,"25,1,0,21,2,23,17,45,39,24,43,14",กรณีที่ผู้ประกันตนเปลี่ยนแปลงชื่อ-ชื่อสกุล หรือข้อมูลสถานภาพครอบครัวและข้อมูลจำนวนบุตรให้นายจ้างแจ้งภายในวันที่ 15 ของเดือนถัดจากเดือนที่มีการเปลี่ยนแปลง โดยใช้แบบแจ้งการเปลี่ยนแปลงข้อเท็จจริงของผู้ประกันตน (สปส.6-10),True,"หากต้องการเปลี่ยนแปลงข้อเท็จจริงของผู้ประกันตน เช่น ชื่อ-ชื่อสกุล หรือข้อมูลสถานภาพครอบครัวและจำนวนบุตร นายจ้างจะต้องแจ้งการเปลี่ยนแปลงภายในวันที่ 15 ของเดือนถัดจากเดือนที่มีการเปลี่ยนแปลง โดยใช้แบบแจ้งการเปลี่ยนแปลงข้อเท็จจริงของผู้ประกันตน (สปส.6-10) ค่ะ

ไม่ทราบว่าต้องการสอบถามรายละเอียดเพิ่มเติมเกี่ยวกับเรื่องนี้ไหมคะ",True,Retrieval includes the expected chunk; answer clearly matches the required steps (deadline and form) with only minor stylistic additions.
6,2,ถ้าแจ้งช้ากว่าวันที่ 15 ของเดือนถัดจากที่มีการเปลี่ยนแปลง จะเกิดอะไรขึ้น หรือขะทำยังไงได้บ้าง,0,"44,46,1,13,21,16,20,2,39,38,28,45",ขออภัยครับ ข้อมูลส่วนนี้ไม่ปรากฎในคู่มือประกันตนที่ผมเข้าถึง ณ ตอนนี้ จึงยืนยันคำตอบให้ไม่ได้ครับ ,False,"หากนายจ้างแจ้งการเปลี่ยนแปลงข้อเท็จจริงของผู้ประกันตนล่าช้ากว่าวันที่ 15 ของเดือนถัดจากเดือนที่มีการเปลี่ยนแปลง จะถือว่าเป็นการแจ้งล่าช้าค่ะ

ในกรณีนี้ หากต้องการดำเนินการแก้ไขข้อมูล สามารถติดต่อสอบถามรายละเอียดเพิ่มเติมได้ที่สำนักงานประกันสังคมในพื้นที่ หรือโทรสายด่วน 1506 ค่ะ",False,"Retrieval did not include the expected chunk. The answer asserts a policy (late notification) and gives advice, whereas the expected response is to acknowledge lack of information; thus the content does not align with the reference."
7,1,เบิกค่าคลอดบุตรยังไงได้บ้าง,7,"7,1,27,18,28,10,40,43,15,12,44,14","ผูู้ประกันตนที่ส่งเงินสมทบครบ 5 เดือน ภายใน 15 เดือน
ก่อนเดือนที่คลอดมีสิทธิได้รับค่าคลอดบุตรโดยไม่จํากัดจํานวนครั้ง
ดังนี้
2.1 ผู้ประกันตนหญิง สามารถคลอดบุตรที่สถานพยาบาลใดก็ได้ แล้วนำสำเนาสูติบัตรของบุตร บัตรประจำตัวประชาชนมายื่นเรื่องที่สำนักงานประกันสังคมจะได้รับเงินค่าคลอดบุตรเหมาจ่าย จำนวน 13,000 บาท และยังจะได้รับเงินสงเคราะห์การหยุดงานเพื่อการคลอดบุตรอีก ในอัตราร้อยละ 50 ของค่าจ้างเฉลี่ยเป็นเวลา 90 วัน
**หมายเหตุ (เงินสงเคราะห์การหยุดงานเพื่อการคลอดบุตร เบิกได้ไม่เกิน 2 ครั้ง)**
2.2 ผู้ประกันตนชาย ที่มีภริยาจดทะเบียนสมรสหรือหญิง ซึ่งอยู่กินกันฉันสามีภริยาแต่มิได้จดทะเบียนสมรส สามารถเบิกค่าคลอดบุตรได้ โดยนำสำเนาสูติบัตรของบุตร สำเนาทะเบียนสมรส (ถ้ามี) หรือหนังสือรับรองกรณีไม่มีทะเบียนสมรส (เฉพาะกรณีผู้ประกันตนไม่ได้จดทะเบียนสมรสกับภริยา) มาเบิกเงินที่สำนักงานประกันสังคม จะได้รับเฉพาะเงินค่าคลอดบุตรเหมาจ่าย จำนวน 13,000 บาท
2.3 ค่าตรวจและรับฝากครรภ์
อายุครรภ์ไม่เกิน 12 สัปดาห์ จ่ายในอัตราเท่าที่จ่ายจริง ไม่เกิน 500 บาท
อายุครรภ์มากกว่า 12 สัปดาห์ แต่ไม่เกิน 20 สัปดาห์ จ่ายในอัตราเท่าที่จ่ายจริงไม่เกิน 300 บาท
อายุครรภ์มากกว่า 20 สัปดาห์ แต่ไม่เกิน 28 สัปดาห์ จ่ายในอัตราเท่าที่จ่ายจริงไม่เกิน 200 บาท",True,"สวัสดีค่ะ ดิฉันน้องออมสุข จากสำนักงานประกันสังคม ยินดีช่วยตรวจข้อมูล ‘คู่มือผู้ประกันตน’ ค่ะ

ผู้ประกันตนสามารถเบิกค่าคลอดบุตรได้ดังนี้ค่ะ

สำหรับผู้ประกันตนหญิง:
*   ส่งเงินสมทบครบ 5 เดือน ภายใน 15 เดือนก่อนเดือนที่คลอดบุตร
*   สามารถคลอดบุตรที่สถานพยาบาลใดก็ได้
*   ยื่นสำเนาสูติบัตรบุตร และบัตรประจำตัวประชาชน
*   จะได้รับค่าคลอดบุตรเหมาจ่าย 13,000 บาท
*   ได้รับเงินสงเคราะห์การหยุดงานเพื่อการคลอดบุตร ในอัตราร้อยละ 50 ของค่าจ้างเฉลี่ย เป็นเวลา 90 วัน (เบิกได้ไม่เกิน 2 ครั้ง)

สำหรับผู้ประกันตนชาย:
*   ส่งเงินสมทบครบ 5 เดือน ภายใน 15 เดือนก่อนเดือนที่คลอดบุตร
*   ภริยาจดทะเบียนสมรส หรือหญิงซึ่งอยู่กินกันฉันสามีภริยาแต่มิได้จดทะเบียนสมรส
*   ยื่นสำเนาสูติบัตรบุตร สำเนาทะเบียนสมรส (ถ้ามี) หรือหนังสือรับรองกรณีไม่มีทะเบียนสมรส
*   จะได้รับเฉพาะค่าคลอดบุตรเหมาจ่าย จำนวน 13,000 บาท

นอกจากนี้ ยังสามารถเบิกค่าตรวจและรับฝากครรภ์ได้ตามหลักเกณฑ์ที่กำหนดค่ะ

ไม่ทราบว่าสนใจรายละเอียดตรงไหนเพิ่มเติมไหมคะ?",True,"Retrieval is acceptable as it includes the expected chunk. The answer correctly covers eligibility, documents, lump-sum amount, and maternity leave allowance; minor omissions include the specific prenatal care reimbursement rates and the note about no limit on the number of childbirth claims."
7,2,ถ้าจะเบิกค่าคลอดบุตรให้แฟนต้องทำยังไง,7,"7,1,43,28,10,27,18,40,45,5,2,15","ผู้ประกันตนชาย ที่มีภริยาจดทะเบียนสมรสหรือหญิง ซึ่งอยู่กินกันฉันสามีภริยาแต่มิได้จดทะเบียนสมรส สามารถเบิกค่าคลอดบุตรได้ โดยนำสำเนาสูติบัตรของบุตร สำเนาทะเบียนสมรส (ถ้ามี) หรือหนังสือรับรองกรณีไม่มีทะเบียนสมรส (เฉพาะกรณีผู้ประกันตนไม่ได้จดทะเบียนสมรสกับภริยา) มาเบิกเงินที่สำนักงานประกันสังคม จะได้รับเฉพาะเงินค่าคลอดบุตรเหมาจ่าย จำนวน 13,000 บาท",True,"สวัสดีค่ะ ดิฉันน้องออมสุข จากสำนักงานประกันสังคม ยินดีช่วยตรวจข้อมูล ‘คู่มือผู้ประกันตน’ ค่ะ

สำหรับผู้ประกันตนชายที่ต้องการเบิกค่าคลอดบุตรให้แฟน มีขั้นตอนดังนี้ค่ะ

1.  **คุณสมบัติของผู้ประกันตนชาย:**
    *   ต้องส่งเงินสมทบครบ 5 เดือน ภายใน 15 เดือนก่อนเดือนที่คลอดบุตร
    *   ภริยาต้องจดทะเบียนสมรส หรือเป็นหญิงซึ่งอยู่กินกันฉันสามีภริยาแต่มิได้จดทะเบียนสมรส

2.  **เอกสารที่ต้องใช้:**
    *   สำเนาสูติบัตรของบุตร
    *   สำเนาทะเบียนสมรส (ถ้ามี) หรือหนังสือรับรองกรณีไม่มีทะเบียนสมรส (เฉพาะกรณีผู้ประกันตนไม่ได้จดทะเบียนสมรสกับภริยา)

3.  **การยื่นเรื่อง:**
    *   นำเอกสารดังกล่าวมายื่นที่สำนักงานประกันสังคม

4.  **สิทธิประโยชน์ที่ได้รับ:**
    *   จะได้รับเฉพาะเงินค่าคลอดบุตรเหมาจ่าย จำนวน 13,000 บาท

ไม่ทราบว่าต้องการสอบถามรายละเอียดเพิ่มเติมในส่วนไหนอีกไหมคะ?",True,"Retrieval includes the expected chunk (7) though with many extras, which is acceptable. The answer correctly covers eligibility, required documents, where to submit, and the 13,000 THB benefit; the added contribution condition is reasonable and not conflicting. Overall, mostly correct and complete."
8,1,ถ้าเกิดอุบัติเหตุจนพิการทำให้ทำงานไม่ได้ จะได้รับค่าชดเชยอย่างไรบ้าง,8,"44,36,51,39,38,1,37,13,8,28,23,48",กรณีทุพพลภาพระดับความสูญเสียรุนแรง ให้มีสิทธิได้รับเงินทดแทนการขาดรายได้ในอัตราร้อยละ 50 ของค่าจ้างเฉลี่ยตลอดชีวิต,True,"หากประสบอุบัติเหตุจนทุพพลภาพและไม่สามารถทำงานได้ จะได้รับค่าทดแทนการขาดรายได้ในอัตราร้อยละ 50 ของค่าจ้างเฉลี่ยตลอดชีวิตค่ะ

นอกจากนี้ ยังมีสิทธิประโยชน์อื่นๆ ที่เกี่ยวข้องกับการทุพพลภาพ ดังนี้ค่ะ

*   **ค่าบริการทางการแพทย์:**
    *   สถานพยาบาลของรัฐ: ได้รับค่าบริการทางการแพทย์เท่าที่จ่ายจริงตามความจำเป็น โดยไม่ต้องเสียค่าใช้จ่าย
    *   สถานพยาบาลเอกชน: ได้รับค่าบริการทางการแพทย์เท่าที่จ่ายจริงไม่เกินเดือนละ 2,000 บาท (ผู้ป่วยนอก) และไม่เกินเดือนละ 4,000 บาท (ผู้ป่วยใน)
*   **ค่ารถพยาบาลหรือค่าพาหนะรับส่งผู้ทุพพลภาพ:** เหมาจ่ายไม่เกินเดือนละ 500 บาท
*   **ค่าใช้จ่ายในกระบวนการฟื้นฟูสมรรถภาพ:** ตามประกาศสำนักงานประกันสังคม

ไม่ทราบว่าสนใจรายละเอียดในส่วนไหนเพิ่มเติมไหมคะ",True,"Retrieval is acceptable as it includes the expected chunk. The answer correctly states the 50% lifelong income replacement and adds relevant related benefits; minor omission about explicitly stating it applies to severe disability level, but overall acceptable."
9,1,กรณีทุพพลภาพ จะได้รับสิทธฺ์อะไรบ้าง,8,"8,39,27,28,15,1,51,29,36,10,40,2","ผู้ประกันตนที่ส่งเงินสมทบครบ 3 เดือน ภายใน 15 เดือน ก่อนเดือนที่ทุพพลภาพ
3.1 กรณีทุพพลภาพระดับความสูญเสียไม่รุนแรง ให้มีสิทธิได้รับเงินทดแทนการขาดรายได้ ดังนี้
3.1.1 ทุพพลภาพจนทำให้ความสามารถในการทำงานลดลงถึงขนาดไม่อาจประกอบการงานตามปกติและงานอื่นได้ ให้มีสิทธิได้รับเงินทดแทนการขาดรายได้ในอัตราร้อยละ 30 ของค่าจ้างตลอดระยะเวลาที่ไม่สามารถประกอบการงานได้แต่ไม่เกิน 180 เดือน
3.1.2 ทุพพลภาพจนทำให้ความสามารถในการทำงานลดลงโดยมีรายได้ลดลงจากเดิมจึงจะได้รับเงินทดแทนการขาดรายได้ในส่วนที่ลดลง แต่ไม่เกินร้อยละ 30 เป็นระยะเวลาไม่เกิน 180 เดือน
3.2 กรณีทุพพลภาพระดับความสูญเสียรุนแรง ให้มีสิทธิได้รับเงินทดแทนการขาดรายได้ในอัตราร้อยละ 50 ของค่าจ้างเฉลี่ยตลอดชีวิต
",True,"กรณีทุพพลภาพ ผู้ประกันตนจะได้รับสิทธิประโยชน์ดังนี้ค่ะ

1.  **เงินทดแทนการขาดรายได้:**
    *   หากทุพพลภาพจนความสามารถในการทำงานลดลงจนไม่สามารถทำงานตามปกติและงานอื่นได้ จะได้รับเงินทดแทนการขาดรายได้ร้อยละ 30 ของค่าจ้างตลอดระยะเวลาที่ไม่สามารถประกอบการงานได้ แต่ไม่เกิน 180 เดือนค่ะ
    *   หากทุพพลภาพจนความสามารถในการทำงานลดลงโดยมีรายได้ลดลงจากเดิม จะได้รับเงินทดแทนการขาดรายได้ในส่วนที่ลดลง แต่ไม่เกินร้อยละ 30 เป็นระยะเวลาไม่เกิน 180 เดือนค่ะ
    *   หากทุพพลภาพระดับความสูญเสียรุนแรง จะได้รับเงินทดแทนการขาดรายได้ในอัตราร้อยละ 50 ของค่าจ้างเฉลี่ยตลอดชีวิตค่ะ

2.  **ค่าบริการทางการแพทย์:**
    *   **สถานพยาบาลของรัฐ:** ได้รับค่าบริการทางการแพทย์เท่าที่จ่ายจริงตามความจำเป็นสำหรับผู้ป่วยนอก และเข้ารับบริการโดยไม่เสียค่าใช้จ่ายสำหรับผู้ป่วยในค่ะ
    *   **สถานพยาบาลเอกชน:** ได้รับค่าบริการทางการแพทย์เท่าที่จ่ายจริงไม่เกินเดือนละ 2,000 บาทสำหรับผู้ป่วยนอก และไม่เกินเดือนละ 4,000 บาทสำหรับผู้ป่วยในค่ะ

3.  **ค่ารถพยาบาลหรือค่าพาหนะรับส่งผู้ทุพพลภาพ:** เหมาจ่ายไม่เกินเดือนละ 500 บาทค่ะ

4.  **ค่าใช้จ่ายในกระบวนการฟื้นฟูสมรรถภาพ:** ร่างกาย จิตใจ และอาชีพ ตามที่สำนักงานประกันสังคมกำหนดค่ะ

หากผู้ทุพพลภาพเสียชีวิต จะได้รับสิทธิประโยชน์เช่นเดียวกับกรณีตายค่ะ

ไม่ทราบว่าต้องการทราบรายละเอียดเพิ่มเติมในส่วนไหนไหมคะ",True,"Retrieval is acceptable since the expected chunk is included. The answer correctly covers the 30% (up to 180 months) and 50% lifetime average wage benefits and adds relevant medical/rehab details, but it omits the contribution eligibility condition (3 months within 15 months). Mostly correct with a minor omission in answer content."
9,2,ถ้าทุพพลภาพมีสิทธิรักษาในรพ.เอกชนมั้ย,8,"8,3,43,39,4,2,29,28,51,45,15,1",มีสิทธิครับ ผู้ทุพพลภาพมีสิทธิได้รับค่าใช้จ่ายในกระบวนการฟื้นฟูสมรรถภาพของร่างกาย จิตใจและอาชีพ ตามประกาศสำนักงานประกันสังคม เรื่อง กำหนดหลักเกณฑ์อัตราค่าฟื้นฟูของผู้ทุพพลภาพ,True,"ค่ะ หากทุพพลภาพ ผู้ประกันตนมีสิทธิรักษาในโรงพยาบาลเอกชนได้ค่ะ

โดยจะได้รับค่าบริการทางการแพทย์เท่าที่จ่ายจริงไม่เกินเดือนละ 2,000 บาท สำหรับผู้ป่วยนอก และไม่เกินเดือนละ 4,000 บาท สำหรับผู้ป่วยในค่ะ",False,"Retrieval is acceptable since the expected chunk is included. However, the answer content adds specific OPD/IPD monthly limits not reflected in the expected guidance and shifts focus from rehabilitation benefits to general treatment, making it potentially inaccurate and misleading."
9,3,ได้จำกัดครั้งละกี่บาทครับ,8,"28,37,3,18,41,7,36,5,1,31,10,27",ขออภัยครับ ข้อมูลส่วนนี้ไม่ปรากฎในคู่มือประกันตนที่ผมเข้าถึง ณ ตอนนี้ จึงยืนยันคำตอบให้ไม่ได้ครับ ,False,"กรณีทุพพลภาพ หากเข้ารับการรักษาในโรงพยาบาลเอกชน จะได้รับค่าบริการทางการแพทย์ดังนี้ค่ะ

*   **ผู้ป่วยนอก:** ไม่เกินเดือนละ 2,000 บาท
*   **ผู้ป่วยใน:** ไม่เกินเดือนละ 4,000 บาท

ไม่ทราบว่าต้องการทราบรายละเอียดเพิ่มเติมในส่วนไหนไหมคะ",False,Retrieval missed the expected chunk and pulled many unrelated ones. The answer introduces specific monetary limits not supported by the provided sources and contradicts the expected inability to confirm details. Both retrieval and answer content are problematic.
10,1,ถ้าต้ายได้ค่าคำศพเท่าไหร่,9,"42,36,9,3,27,28,2,5,7,12,31,8","ผู้ประกันตนที่ส่งเงินสมทบครบ 1 เดือน ภายใน 6 เดือน ก่อนเดือนถึงแก่ความตาย
• ได้รับค่าทําศพ 40,000 บาท",True,"หากผู้ประกันตนถึงแก่ความตาย จะได้รับค่าทำศพ 40,000 บาทค่ะ

ไม่ทราบว่าสนใจรายละเอียดเกี่ยวกับสิทธิประโยชน์กรณีอื่นเพิ่มเติมไหมคะ",True,"Retrieval includes the expected chunk (9), so acceptable. The answer correctly gives the funeral benefit amount (40,000 บาท); it omits the contribution condition, but the question only asked for the amount, so this minor omission is acceptable."
10,2,ได้เงินอย่างอื่นนอกจากค่าทำศพมั้ย,9,"42,9,27,30,1,36,28,2,7,3,8,12","มีเงินสงเคราะห์กรณีตายครับ
   - หากผู้ประกันตนจ่ายเงินสมทบตั้งแต่ 36 เดือนขึ้นไป แต่ไม่ถึง 120 เดือน จะได้รับเงินสงเคราะห์ในอัตราร้อยละ 50 ของค่าจ้าง 4 เดือน
   - หากผู้ประกันตนจ่ายเงินสมทบตั้งแต่ 120 เดือนขึ้นไป จะได้รับเงินสงเคราะห์ในอัตราร้อยละ 50 ของค่าจ้าง 12 เดือน",True,"ค่ะ นอกเหนือจากค่าทำศพ ผู้ประกันตนจะได้รับเงินสงเคราะห์กรณีตายด้วยค่ะ

โดยจำนวนเงินสงเคราะห์จะขึ้นอยู่กับระยะเวลาที่จ่ายเงินสมทบ ดังนี้ค่ะ

*   หากจ่ายเงินสมทบตั้งแต่ 36 เดือนขึ้นไป แต่ไม่ถึง 120 เดือน จะได้รับเงินสงเคราะห์ในอัตราร้อยละ 50 ของค่าจ้าง เป็นเวลา 4 เดือนค่ะ
*   หากจ่ายเงินสมทบตั้งแต่ 120 เดือนขึ้นไป จะได้รับเงินสงเคราะห์ในอัตราร้อยละ 50 ของค่าจ้าง เป็นเวลา 12 เดือนค่ะ

ไม่ทราบว่าต้องการทราบรายละเอียดเกี่ยวกับสิทธิประโยชน์กรณีอื่นเพิ่มเติมไหมคะ",True,"Accurate and complete answer with the correct death grant details and thresholds. Retrieval includes the expected chunk (9), though it fetched many extra chunks as well."
11,1,เงินบำนาญชราภาพของผมจะได้เท่าไหร่ต่อเดือน,11,"12,11,28,18,27,1,9,10,8,38,37,15","เงินบำนาญชราภาพ
ได้รับเงินบำนาญชราภาพร้อยละ 20 ของค่าจ้างเฉลี่ย 60 เดือนสุดท้าย ที่ใช้เป็นฐานในการคำนวณเงินสมทบก่อนความเป็นผู้ประกันตนสิ้นสุดลง กรณีจ่ายเงินสมทบมากกว่า 180 เดือน (15 ปีขึ้นไป) ให้ปรับเพิ่มอัตราเงินบำนาญชราภาพขึ้นอีกร้อยละ 1.5 ต่อระยะเวลาการจ่ายเงินสมทบครบทุก 12 เดือน

หากคุณต้องการให้ผมคำนวณ รบกวนขอข้อมูลดังนี้ 
1. ค่าจ้างเฉลี่ย 60 เดือนสุดท้าย ที่ใช้เป็นฐานในการคำนวณเงินสมทบก่อนความเป็นผู้ประกันตนสิ้นสุดลง
2. จำนวนปีทั้งหมดที่ส่งเงินสมทบ",True,"สวัสดีค่ะ ดิฉันน้องออมสุข จากสำนักงานประกันสังคม ยินดีช่วยตรวจข้อมูล ‘คู่มือผู้ประกันตน’ ค่ะ

เงินบำนาญชราภาพจะคำนวณจากค่าจ้างเฉลี่ย 60 เดือนสุดท้ายที่คุณใช้เป็นฐานในการคำนวณเงินสมทบค่ะ โดยจะได้รับร้อยละ 20 ของค่าจ้างเฉลี่ยนี้ หากคุณจ่ายเงินสมทบมากกว่า 180 เดือน (15 ปีขึ้นไป) จะได้รับเงินบำนาญเพิ่มขึ้นอีกร้อยละ 1.5 ต่อระยะเวลาการจ่ายเงินสมทบครบทุก 12 เดือนค่ะ

ไม่ทราบว่าสนใจรายละเอียดตรงไหนเพิ่มเติมไหมคะ?",True,Retrieval is acceptable as it includes the expected chunk. The answer correctly states the calculation formula and conditions; minor omission in not explicitly requesting the two inputs needed to compute the exact amount.
11,2,ผมยังไม่มีข้อมูลตอนนี้ครับ,11,"50,40,39,38,13,42,9,14,11,52,45,28","หากคุณมีข้อมูลพร้อมแล้ว สามารถนำสูตรนี้ไปคำนวณได้ครับ
สูตรคำนวณเงินบำนาญชราภาพ
= ค่าจ้างเฉลี่ย 60 เดือนสุดท้าย คูณด้วย 20% (+ จำนวน % ที่เพิ่มให้อีกปีละ 1.5%)
**เงินบำนาญชราภาพ : จ่ายเป็นรายเดือนตลอดชีวิต**",True,"สวัสดีค่ะ ดิฉันน้องออมสุข จากสำนักงานประกันสังคม ยินดีช่วยตรวจข้อมูล ‘คู่มือผู้ประกันตน’ ค่ะ

ไม่ทราบว่าต้องการให้ช่วยค้นหาข้อมูลเกี่ยวกับสิทธิประโยชน์ หรือรายละเอียดอื่นๆ ในคู่มือผู้ประกันตนเพิ่มเติมไหมคะ?",False,"Retrieval includes the expected chunk (11), so acceptable. However, the response is a generic greeting and does not provide the expected pension formula or guidance, omitting essential content. Marked incorrect due to answer content."
12,1,ผมอยากรู้ว่าเงินบำเหน็จของผมคิดยังไง,11,"11,12,1,27,9,18,13,10,7,16,28,31","การคำนวณเงินบำเหน็จ แบ่งออกเป็น 2 กรณี
1.กรณีจ่ายเงินสมทบตั้งแต่ 1 - 11 เดือน
2.กรณีจ่ายเงินสมทบตั้งแต่ 12 - 179 เดือน
คุณอยู่ในกรณีไหนครับ
",True,"สวัสดีค่ะ ดิฉันน้องออมสุข จากสำนักงานประกันสังคม ยินดีช่วยตรวจข้อมูล ‘คู่มือผู้ประกันตน’ ค่ะ

เงินบำเหน็จชราภาพ จะจ่ายเป็นก้อนครั้งเดียวค่ะ โดยมีหลักเกณฑ์ดังนี้
กรณีจ่ายเงินสมทบต่ำกว่า 12 เดือน จะได้รับเงินบำเหน็จชราภาพเท่ากับจำนวนเงินสมทบเฉพาะส่วนของผู้ประกันตนค่ะ
กรณีจ่ายเงินสมทบตั้งแต่ 12 เดือนขึ้นไป แต่ไม่ครบ 180 เดือน จะได้รับเงินบำเหน็จชราภาพเท่ากับจำนวนเงินสมทบที่ผู้ประกันตนและนายจ้างจ่ายสมทบ พร้อมผลประโยชน์ตอบแทนตามที่สำนักงานประกันสังคมประกาศกำหนดค่ะ

ไม่ทราบว่าสนใจรายละเอียดตรงไหนเพิ่มเติมไหมคะ?",True,Retrieval is acceptable as it includes the expected chunk (though a bit noisy). The answer correctly explains the two cases (under 12 months vs 12–179/180 months) with accurate details; minor stylistic differences and not asking which case the user falls into are acceptable.
12,2,แบบที่ 2 ครับ,11,"1,17,14,24,25,0,15,12,16,11,9,6","กรณีจ่ายเงินสมทบตั้งแต่ 12 - 179 เดือน
= เงินสมทบของผู้ประกันตน + เงินสมทบของนายจ้าง + ผลประโยชน์ตอบแทน
**เงินบำเหน็จชราภาพ : จ่ายเป็นก้อนครั้งเดียว**",True,"สวัสดีค่ะ ดิฉันน้องออมสุข จากสำนักงานประกันสังคม ยินดีช่วยตรวจข้อมูล ‘คู่มือผู้ประกันตน’ ค่ะ

สำหรับผู้ประกันตนมาตรา 40 ทางเลือกที่ 2 จะจ่ายเงินสมทบเดือนละ 100 บาทค่ะ จะได้รับความคุ้มครอง 4 กรณี ดังนี้
1. กรณีเจ็บป่วย
2. กรณีตาย (ค่าทำศพ)
3. กรณีทุพพลภาพ
4. กรณีชราภาพ (รับบำเหน็จ)

ไม่ทราบว่าสนใจรายละเอียดตรงไหนเพิ่มเติมไหมคะ?",False,"Retrieval is acceptable since chunk 11 is included, but the answer content is off-topic. It discusses มาตรา 40 ทางเลือกที่ 2 instead of the expected old-age lump-sum calculation for 12–179 months (employee + employer contributions + returns; paid as a lump sum). Essential details are missing."
13,1,ผมลาออกจากงานมาสักพักนึงแล้ว แต่ต้องรักษาสิทธิประกันสังคมทำได้มั้ยครับ,16,"15,16,1,17,21,20,25,46,48,0,38,13","คุณสมบัติของผู้สมัครผู้ประกันตนโดยสมัครใจ (มาตรา 39)
- เคยเป็นผู้ประกันตนตามมาตรา 33 ส่งเงินสมทบมาแล้วไม่น้อยกว่า 12 เดือน และออกจากงานแล้ว ไม่เกิน 6 เดือน นับแต่วันที่ออกจากงาน

หากคุณมีคุณสมบัติดังกล่าวสามารถทำได้ครับ",True,"สวัสดีค่ะ ดิฉันน้องออมสุข จากสำนักงานประกันสังคม ยินดีช่วยตรวจข้อมูล ‘คู่มือผู้ประกันตน’ ค่ะ

หากคุณเคยเป็นผู้ประกันตนตามมาตรา 33 และส่งเงินสมทบมาแล้วไม่น้อยกว่า 12 เดือน สามารถสมัครเป็นผู้ประกันตนตามมาตรา 39 ได้ค่ะ โดยต้องสมัครภายใน 6 เดือน นับแต่วันที่ออกจากงานค่ะ

ไม่ทราบว่าสนใจรายละเอียดเกี่ยวกับมาตรา 39 เพิ่มเติมไหมคะ?",True,"Answer correctly explains Section 39 eligibility (former Section 33, ≥12 months contributions, apply within 6 months). Retrieval includes the expected chunk (16), though with extra chunks; overall acceptable."
13,2,จะได้รับสิทธิอะไรบ้างครับ,15,"32,2,15,40,10,8,28,12,23,39,6,1","ผู้ประกันตนโดยสมัครใจเป็นบุคคลที่เคยเป็นผู้ประกันตนมาตรา 33 จ่ายเงินสมทบก่อนออกจากงานมาแล้วไม่น้อยกว่า 12 เดือน แล้วลาออก แต่ต้องการรักษาสิทธิประกันสังคม โดยได้รับความคุ้มครอง 6 กรณี ดังนี้
1. กรณีเจ็บป่วย
2. กรณีทุพพลภาพ
3. กรณีคลอดบุตร
4. กรณีตาย
5. กรณีสงเคราะห์บุตร
6. กรณีชราภาพ",True,"สวัสดีค่ะ ดิฉันน้องออมสุข จากสำนักงานประกันสังคม ยินดีช่วยตรวจข้อมูล ‘คู่มือผู้ประกันตน’ ค่ะ

ผู้ประกันตนตามมาตรา 39 จะได้รับความคุ้มครอง 6 กรณี ดังนี้ค่ะ

1.  กรณีเจ็บป่วย
2.  กรณีทุพพลภาพ
3.  กรณีคลอดบุตร
4.  กรณีตาย
5.  กรณีสงเคราะห์บุตร
6.  กรณีชราภาพ

ไม่ทราบว่าสนใจรายละเอียดเกี่ยวกับสิทธิประโยชน์กรณีไหนเพิ่มเติมไหมคะ?",True,"Retrieval includes the expected chunk (15), so acceptable. The answer correctly lists the 6 benefit cases for มาตรา 39; it omits the eligibility context (ex–มาตรา 33 with 12 months), but for the question asked about benefits, this is mostly sufficient."
13,3,สมัครยังไงครับ,17,"25,24,17,28,1,6,23,46,16,14,0,2","หลักฐานการสมัคร
1. แบบคำขอเป็นผู้ประกันตนตามมาตรา 39 (สปส.1-20)
2. กรณีประสงค์จะชำระเงินสมทบโดยหักบัญชีเงินฝากธนาคาร ให้แนบสำเนาสมุดบัญชีเงินฝากธนาคาร ประเภทออมทรัพย์หน้าแรกที่มีชื่อและเลขที่บัญชีของผู้ประสงค์สมัครเป็นผู้ประกันตนตามมาตรา 39 พร้อมรับรองสำเนาถูกต้อง

สามารถยื่นคำขอ ณ สำนักงานประกันสังคมทั่วประเทศ",True,"สวัสดีค่ะ ดิฉันน้องออมสุข จากสำนักงานประกันสังคม ยินดีช่วยตรวจข้อมูล ‘คู่มือผู้ประกันตน’ ค่ะ

หากคุณเคยเป็นผู้ประกันตนตามมาตรา 33 และต้องการสมัครเป็นผู้ประกันตนตามมาตรา 39 คุณจะต้องมีคุณสมบัติดังนี้ค่ะ

*   เคยเป็นผู้ประกันตนตามมาตรา 33
*   ส่งเงินสมทบมาแล้วไม่น้อยกว่า 12 เดือน
*   ออกจากงานแล้วไม่เกิน 6 เดือน นับแต่วันที่ออกจากงาน

หลักฐานที่ต้องใช้ในการสมัคร ได้แก่:

1.  แบบคำขอเป็นผู้ประกันตนตามมาตรา 39 (สปส.1-20)
2.  หากต้องการชำระเงินสมทบโดยหักบัญชีเงินฝากธนาคาร ให้แนบสำเนาสมุดบัญชีเงินฝากธนาคาร ประเภทออมทรัพย์ หน้าแรกที่มีชื่อและเลขที่บัญชีของผู้สมัคร พร้อมรับรองสำเนาถูกต้องค่ะ

ไม่ทราบว่าต้องการให้แนะนำช่องทางการสมัครเพิ่มเติมไหมคะ?",True,Retrieval is acceptable since it includes the expected chunk. The answer correctly lists the required application documents but omits the explicit submission location (สำนักงานประกันสังคมทั่วประเทศ) and adds extra eligibility info; overall mostly correct with minor omission.
13,4,ต้องมีค่าใช้จ่ายอะไรในการรักษาสิทธิมั้ยครับ,18,"2,41,36,15,3,1,8,39,28,6,38,45","มีค่าใช้จ่ายคือ เงินสมทบที่ต้องนำส่ง เดือนละ 432 บาท ครับ
- เงินที่ใช้เป็นฐานในการคำนวณเงินสมทบ คือ เดือนละ 4,800 บาท เท่ากันทุกคน โดยคิดจากอัตราเงินสมทบ 9% (9% x 4,800 = 432) ซึ่งผู้ประกันตนจะได้รับความคุ้มครอง 6 กรณี (เจ็บป่วย คลอดบุตร ทุพพลภาพ ตาย สงเคราะห์บุตรและชราภาพ) ต่อเนื่องจากการเป็นผู้ประกันตนตามมาตรา 33",False,"สวัสดีค่ะ ดิฉันน้องออมสุข จากสำนักงานประกันสังคม ยินดีช่วยตรวจข้อมูล ‘คู่มือผู้ประกันตน’ ค่ะ

สำหรับผู้ประกันตนตามมาตรา 39 จะมีค่าใช้จ่ายในการส่งเงินสมทบรายเดือนค่ะ โดยอัตราเงินสมทบจะอยู่ที่ 432 บาทต่อเดือนค่ะ

ไม่ทราบว่าต้องการให้แนะนำช่องทางการชำระเงินสมทบเพิ่มเติมไหมคะ?",False,"Answer content is correct and sufficient (432 THB/month for M.39), but retrieval missed the expected chunk (no overlap with 18). Minor omission of base wage/9% details, yet the main issue is retrieval."
14,1,ถ้าผมไม่ได้ทำงานประจำ สามารถเป็นผู้ประกันตนประกันสังคมได้มั้ยครับ,"22, 23","25,1,15,22,0,21,17,23,16,20,2,7","บุคคลทั่วไปที่ประกอบอาชีพอิสระหรือแรงงานนอกระบบ ไม่เป็นผู้ประกันตนมาตรา 33 หรือผู้ประกันตนมาตรา 39 สามารถเป็นผู้ประกันตนโดยสมัครใจ (มาตรา 40)

คุณสมบัติของผู้สมัคร
1. มีสัญชาติไทย
2. เป็นชนกลุ่มน้อยซึ่งอพยพเข้ามาอาศัยอยู่ในประเทศไทย โดยมีมติคณะรัฐมนตรีผ่อนผันให้อาศัย อยู่ในประเทศไทยได้เป็นการชั่วคราวเป็นกรณีพิเศษ ที่มีบัตรประจำตัวคนซึ่งไม่มีสัญชาติไทย โดยเลขประจำตัวหลักแรกเป็นเลข 6 หรือ 7
3. เป็นบุคคลซึ่งไม่มีสัญชาติไทยที่ได้รับการผ่อนผันให้อาศัยอยู่ในประเทศไทยได้เป็นการชั่วคราว เพื่อรอการส่งกลับที่มีบัตรประจำตัวคนซึ่งไม่มีสัญชาติไทย โดยเลขประจำตัวหลักแรกเป็นเลข 0 ทั้งนี้ไม่รวมถึงกรณีที่มีบัตรประจำตัวคนซึ่งไม่มีสัญชาติไทย (ยกเว้นผู้ที่มีเลขประจำตัวหลักแรกและหลักที่สองเป็น 0)
4. อายุไม่ต่ำกว่า 15 ปีบริบูรณ์ และไม่เกิน 60 ปีบริบูรณ์
5. ไม่เป็นผู้ประกันตนมาตรา 33 หรือมาตรา 39
6. ไม่เป็นสมาชิกกองทุนบำเหน็จบำนาญข้าราชการ กองทุนบำเหน็จบำนาญข้าราชการกรุงเทพมหานคร กองทุนบำเหน็จบำนาญข้าราชการท้องถิ่น หรือไม่เป็นสมาชิกกองทุนของรัฐวิสาหกิจหรือหน่วยงานอื่นของรัฐที่มีลักษณะอย่างเดียวกับกองทุนบำเหน็จบำนาญของส่วนราชการ รวมทั้งไม่เป็นเจ้าหน้าที่ของรัฐที่อยู่ภายใต้บังคับตามกฎหมายว่าด้วยบำเหน็จบำนาญข้าราชการ กฎหมายว่าด้วยบำเหน็จบำนาญข้าราชการกรุงเทพมหานคร หรือกฎหมายว่าด้วยบำเหน็จบำนาญข้าราชการส่วนท้องถิ่น
7. หากเป็นบุคคลซึ่งเป็นผู้พิการ ให้ระบุลักษณะหรืออาการของผู้พิการโดยละเอียด (ยกเว้นผู้พิการทางสติปัญญาและผู้พิการที่ไม่อาจรับรู้สิทธิที่พึงจะได้รับจากการเป็นผู้ประกันตนตามมาตรา 40 ไม่สามารถสมัครและขึ้นทะเบียนเป็นผู้ประกันตนตามมาตรา 40 ได้)

หากคุณมีคุณสมบัติดังกล่าวสามารถเป็นผู้ประกันตนโดยสมัครใจ (มาตรา 40) ได้ครับ


",True,"สวัสดีค่ะ ดิฉันน้องออมสุข จากสำนักงานประกันสังคม ยินดีช่วยตรวจข้อมูล ‘คู่มือผู้ประกันตน’ ค่ะ

บุคคลทั่วไปที่ประกอบอาชีพอิสระ หรือแรงงานนอกระบบ และไม่ได้เป็นผู้ประกันตนมาตรา 33 หรือมาตรา 39 สามารถสมัครเป็นผู้ประกันตนมาตรา 40 ได้ค่ะ

ไม่ทราบว่าสนใจรายละเอียดเกี่ยวกับมาตรา 40 เพิ่มเติมไหมคะ",True,"Retrieval is acceptable since it includes the expected chunks (22, 23). The answer correctly states that non-regular workers can apply under Section 40 if not under Sections 33/39, though it omits detailed eligibility criteria; still semantically correct and acceptable."
14,2,ต้องใช้เอกสารอะไรบ้าง,15,"24,44,17,1,46,4,0,23,2,5,25,21","หลักฐานการสมัคร
1. แบบคำขอสมัครเป็นผู้ประกันตนตามมาตรา 40 (สปส.1-40)
2. บัตรประจำตัวประชาชน หรือบัตรอื่นที่ทางราชการ ออกให้",False,"สวัสดีค่ะ ดิฉันน้องออมสุข จากสำนักงานประกันสังคม ยินดีช่วยตรวจข้อมูล ‘คู่มือผู้ประกันตน’ ค่ะ

หากคุณประสงค์จะสมัครเป็นผู้ประกันตนมาตรา 40 ต้องใช้เอกสารดังนี้ค่ะ

*   แบบคำขอสมัครเป็นผู้ประกันตนตามมาตรา 40 (สปส.1-40)
*   บัตรประจำตัวประชาชน หรือบัตรอื่นที่ทางราชการออกให้

ไม่ทราบว่าต้องการให้ช่วยตรวจสอบข้อมูลส่วนไหนเพิ่มเติมไหมคะ",False,"Answer content is correct and matches the expected documents, but retrieval did not include the expected chunk and appears misaligned. Retrieval poor; answer accurate."
14,3,สมัครได้ที่ไหน,22,"25,17,24,6,1,14,28,23,0,46,2,16","ช่องทางการสมัครประกันสังคมมาตรา 40
1. ที่สำนักงานประกันสังคม และหน่วยบริการเคลื่อนที่ของสำนักงานประกันสังคม
2. สมัครผ่านระบบ internet ที่ website ของสำนักงานประกันสังคม www.sso.go.th/section40_regist/
3. สมัครผ่านหน่วยบริการรับสมัครผู้ประกันตนตามมาตรา 40 ที่ทำความตกลงกับสำนักงานประกันสังคม เช่น ร้านเซเว่นอีเลฟเว่น หรือร้านค้าที่มีสัญลักษณ์counter serviceทั่วประเทศ",False,"สวัสดีค่ะ ดิฉันน้องออมสุข จากสำนักงานประกันสังคม ยินดีช่วยตรวจข้อมูล ‘คู่มือผู้ประกันตน’ ค่ะ

คุณสามารถสมัครประกันสังคมมาตรา 40 ได้ที่

*   สำนักงานประกันสังคม และหน่วยบริการเคลื่อนที่ของสำนักงานประกันสังคม
*   สมัครผ่านระบบอินเทอร์เน็ตที่เว็บไซต์ของสำนักงานประกันสังคม www.sso.go.th/section40_regist/
*   สมัครผ่านหน่วยบริการรับสมัครผู้ประกันตนตามมาตรา 40 ที่ทำความตกลงกับสำนักงานประกันสังคม เช่น ร้านเซเว่นอีเลฟเว่น หรือร้านค้าที่มีสัญลักษณ์เคาน์เตอร์เซอร์วิสทั่วประเทศ

ไม่ทราบว่าต้องการให้ช่วยตรวจสอบข้อมูลส่วนไหนเพิ่มเติมไหมคะ",False,"Answer content is correct and complete for the Section 40 application channels, but retrieval failed to include the expected chunk (22). Retrieval mismatch despite accurate answer."
15,1,ถ้าลูกจ้างเจ็บปวดจากการทำงานจะได้รับความคุ้มครองอะไรบ้าง,36,"1,46,32,49,30,15,40,44,38,45,36,29","เมื่อลูกจ้างประสบอันตรายหรือเจ็บป่วยเนื่องจากการทำงาน จะได้รับความคุ้มครองดังนี้
- ค่ารักษาพยาบาล
- ค่าทดแทน 4 กรณี
   1.ค่าทดแทนกรณีไม่สามารถทำงานได้
   2.ค่าทดแทนกรณีสูญเสียสมรรถภาพในการทำงานของร่างกาย
   3.ค่าทดแทนกรณีทุพพลภาพ
   4.ค่าทดแทนกรณีถึงแก่ความตายหรือสูญหาย
- ค่าฟื้นฟูสมรรถภาพในการทำงาน
- ค่าทำศพ",True,"หากลูกจ้างเจ็บป่วยจากการทำงาน จะได้รับความคุ้มครองดังนี้ค่ะ

*   ค่ารักษาพยาบาล จนสิ้นสุดการรักษา
*   ค่าทดแทนกรณีไม่สามารถทำงานได้ โดยได้รับร้อยละ 70 ของค่าจ้างรายเดือน ตลอดระยะเวลาที่ไม่สามารถทำงานได้ ไม่เกิน 1 ปี
*   ค่าทดแทนกรณีสูญเสียสมรรถภาพในการทำงานของร่างกาย โดยได้รับร้อยละ 70 ของค่าจ้างรายเดือน ไม่เกิน 10 ปี
*   ค่าทดแทนกรณีทุพพลภาพ โดยได้รับร้อยละ 70 ของค่าจ้างรายเดือน ไม่น้อยกว่า 15 ปี
*   ค่าทดแทนกรณีถึงแก่ความตายหรือสูญหาย โดยได้รับร้อยละ 70 ของค่าจ้างรายเดือน เป็นเวลา 10 ปี และค่าทำศพ 40,000 บาท

ไม่ทราบว่าสนใจรายละเอียดในส่วนไหนเพิ่มเติมไหมคะ",True,"Retrieval is acceptable as it includes the expected chunk. The answer accurately lists medical care, the four compensation cases with correct details, and funeral benefits, but it omits mention of rehabilitation coverage—minor omission."
15,2,ค่ารักษาพยาบาลมีรายละเอียดเพิ่มเติมมั้ยครับ,36,"36,3,43,2,45,1,4,30,46,8,5,44","ค่ารักษาพยาบาลจ่ายได้ตามกฎกระทรวงกำหนดอัตราค่ารักษาพยาบาลที่ให้นายจ้างจ่าย ดังนี้
1) กรณีลูกจ้างประสบอันตรายหรือเจ็บป่วยเนื่องจากการทำงาน ให้นายจ้างจ่ายค่ารักษาพยาบาลเท่าที่จ่ายจริงตามความจำเป็นแต่ไม่เกิน 50,000 บาท
2) กรณีที่ค่ารักษาพยาบาล 50,000 บาท ไม่เพียงพอให้นายจ้างจ่ายค่ารักษาพยาบาลเท่าที่จ่ายจริงตามความจำเป็นเพิ่มอีกไม่เกิน 100,000 บาท สำหรับการประสบอันตรายหรือเจ็บป่วยของลูกจ้างในลักษณะ ดังต่อไปนี้
(1) บาดเจ็บอย่างรุนแรงของอวัยวะภายในหลายส่วนและต้องได้รับการผ่าตัดแก้ไข
(2) บาดเจ็บอย่างรุนแรงของกระดูกหลายแห่ง และต้องได้รับการผ่าตัดแก้ไข
(3) บาดเจ็บอย่างรุนแรงของศีรษะ และต้องได้รับการผ่าตัดเปิดกะโหลกศีรษะ
(4) บาดเจ็บอย่างรุนแรงของกระดูกสันหลัง ไขสันหลังหรือรากประสาท
(5) ประสบภาวะที่ต้องผ่าตัดต่ออวัยวะที่ยุ่งยาก ซึ่งต้องใช้วิธีจุลศัลยกรรม
(6) ประสบอันตรายจากไฟไหม้ น้ำร้อนลวก ความร้อน ความเย็น สารเคมี รังสี ไฟฟ้า หรือระเบิด จนถึงขั้นสูญเสียผิวหนังลึกถึงหนังแท้ตั้งแต่ร้อยละ 25 ของพื้นที่ผิวของร่างกาย
(7) ประสบอันตรายหรือเจ็บป่วยอย่างอื่นซึ่งรุนแรงหรือเรื้อรัง ตามที่รัฐมนตรีประกาศกำหนด
3) กรณีค่ารักษาพยาบาลที่จ่ายเพิ่มอีกตามข้อ 2 ไม่เพียงพอให้นายจ้างจ่ายค่ารักษาพยาบาลเท่าที่จ่ายจริงตามความจำเป็นเพิ่มขึ้นอีก ทั้งนี้ โดยรวมค่ารักษาพยาบาลทั้งข้อ 1 และ 2 แล้วต้องไม่เกิน 300,000 บาท สำหรับการประสบอันตรายหรือเจ็บป่วยของลูกจ้างที่มีลักษณะ ดังต่อไปนี้
(1) ประสบอันตรายหรือเจ็บป่วยตามข้อ (1) ถึง (6) ตั้งแต่สองรายการขึ้นไป
(2) ประสบอันตรายหรือเจ็บป่วยตามข้อ (1) ถึง (6) ที่จำเป็นต้องใช้เครื่องช่วยหายใจ หรือต้องพักรักษาตัวอยู่ในหอผู้ป่วยหนัก หอผู้ป่วยวิกฤต หรือหอผู้ป่วยไฟไหม้ น้ำร้อนลวก ตั้งแต่ 20 วันขึ้นไป
(3) บาดเจ็บอย่างรุนแรงของระบบสมองหรือไขสันหลัง ที่จำเป็นต้องรักษาตั้งแต่ 30 วันติดต่อกัน
(4) การประสบอันตรายหรือเจ็บป่วยอย่างอื่นซึ่งรุนแรงหรือเรื้อรังตามที่รัฐมนตรีประกาศกำหนด
(ก) เป็นผลให้อวัยวะสำคัญล้มเหลว
(ข) กรณีอื่นนอกจาก (ก) ให้เป็นไปตามความเห็นของคณะกรรมการการแพทย์
4) กรณีค่ารักษาพยาบาลตามข้อ 1-3 ไม่เพียงพอให้นายจ้างจ่ายค่ารักษาพยาบาลเท่าที่จ่ายจริงตามความจำเป็นเพิ่มขึ้นตามความเห็นของคณะกรรมการการแพทย์ แต่รวมกันแล้วไม่เกิน 500,000 บาท
5) กรณีค่ารักษาพยาบาลทุกกรณีไม่เพียงพอ ให้นายจ้างจ่ายค่ารักษาพยาบาลเท่าที่จ่ายจริงตามความจำเป็นเพิ่มขึ้น โดยเมื่อรวมกับค่ารักษาพยาบาลดังกล่าวข้างต้นแล้ว ต้องไม่เกิน 1,000,000 บาท เว้นแต่ในกรณีดังต่อไปนี้ ให้นายจ้างจ่ายค่ารักษาพยาบาลเท่าที่จ่ายจริงตามความจำเป็นที่เพิ่มขึ้นจนสิ้นสุดการรักษา แต่ไม่เกิน 2,000,000 บาท
(1) ลูกจ้างเข้ารับการรักษาพยาบาลในสถานพยาบาลของรัฐตั้งแต่เริ่มแรกจนสิ้นสุดการรักษา
(2) ลูกจ้างมีความจำเป็นหรือมีเหตุสมควรที่ไม่สามารถเข้ารับการรักษาพยาบาลในสถานพยาบาลของรัฐ ตั้งแต่เริ่มแรกแต่ภายหลังได้เข้ารับการรักษาพยาบาลในสถานพยาบาลของรัฐ การจ่ายค่ารักษาพยาบาล ให้เป็นไปตามความเห็นของคณะกรรมการการแพทย์ โดยความเห็นชอบของคณะกรรมการกองทุนเงินทดแทน
6) ในกรณีลูกจ้างเป็นผู้ป่วยในมีค่าใช้จ่ายเกี่ยวกับค่าห้อง ค่าอาหาร ค่าบริการพยาบาล และค่าบริการทั่วไป ให้นายจ้างจ่ายค่าใช้จ่ายดังกล่าว เท่าที่จ่ายจริงแต่ไม่เกินวันละ 1,300 บาท
7) โดยในปัจจุบันใช้กฎกระทรวง ดังนี้
(1) กฎกระทรวงกำหนดอัตราค่ารักษาพยาบาลที่ให้นายจ้างจ่าย พ.ศ. 2558 ฉบับลงวันที่ 30 มกราคม 2558 มีผลใช้บังคับตั้งแต่ วันที่ 20 กุมภาพันธ์ 2558
(2) กฎกระทรวงกำหนดอัตราค่ารักษาพยาบาลที่ให้นายจ้างจ่าย (ฉบับที่ 2) พ.ศ. 2560 ฉบับลงวันที่ 17 กรกฎาคม 2560 มีผลใช้บังคับกรณีไม่เกิน 2,000,000 บาท ตั้งแต่วันที่ 1 มกราคม 2559",True,"มีรายละเอียดเพิ่มเติมเกี่ยวกับค่ารักษาพยาบาลค่ะ

กรณีลูกจ้างประสบอันตรายหรือเจ็บป่วยเนื่องจากการทำงาน จะได้รับความคุ้มครองค่ารักษาพยาบาลดังนี้ค่ะ

*   **กรณีทั่วไป:** นายจ้างจะจ่ายค่ารักษาพยาบาลเท่าที่จ่ายจริงตามความจำเป็น แต่ไม่เกิน 50,000 บาท
*   **กรณีที่ค่ารักษาพยาบาล 50,000 บาท ไม่เพียงพอ:** นายจ้างจะจ่ายเพิ่มอีกไม่เกิน 100,000 บาท สำหรับการประสบอันตรายหรือเจ็บป่วยที่มีลักษณะรุนแรง เช่น บาดเจ็บอวัยวะภายในหลายส่วน กระดูกหลายแห่ง ศีรษะ กระดูกสันหลัง หรือต้องผ่าตัดต่ออวัยวะที่ยุ่งยาก ไฟไหม้ น้ำร้อนลวก หรือการบาดเจ็บอื่นๆ ที่รุนแรงหรือเรื้อรังตามที่รัฐมนตรีกำหนด
*   **กรณีที่ค่ารักษาพยาบาลตามข้อ 2 ไม่เพียงพอ:** นายจ้างจะจ่ายเพิ่มอีกตามความเห็นของคณะกรรมการการแพทย์ แต่รวมแล้วต้องไม่เกิน 300,000 บาท
*   **กรณีที่ค่ารักษาพยาบาลทุกกรณีไม่เพียงพอ:** นายจ้างจะจ่ายเพิ่มตามความเห็นของคณะกรรมการการแพทย์ แต่ไม่เกิน 1,000,000 บาท หรือไม่เกิน 2,000,000 บาท ในกรณีที่เข้ารับการรักษาในสถานพยาบาลของรัฐตั้งแต่เริ่มแรกจนสิ้นสุดการรักษา หรือมีความจำเป็นต้องเข้ารับการรักษาในสถานพยาบาลของรัฐภายหลัง

นอกจากนี้ หากลูกจ้างเป็นผู้ป่วยใน จะมีค่าใช้จ่ายเกี่ยวกับค่าห้อง ค่าอาหาร ค่าบริการพยาบาล และค่าบริการทั่วไป ซึ่งนายจ้างจะจ่ายให้เท่าที่จ่ายจริง แต่ไม่เกินวันละ 1,300 บาทค่ะ

ไม่ทราบว่าต้องการทราบรายละเอียดในส่วนไหนเพิ่มเติมอีกไหมคะ",False,"Retrieval is acceptable since the expected chunk was included. However, the answer omits the 500,000-baht tier, lacks the specific conditions for the 300,000-baht cap, and misattributes some steps to the medical committee, making the content partly inaccurate."
16,1,อยากทราบรายละเอียดเรื่องสิทธิสงเคราะห์บุตรครับ,10,"10,7,15,28,1,27,9,40,12,44,18,2","ผู้ประกันตนที่ส่งเงินสมทบครบ 12 เดือน ภายใน 36 เดือน ก่อนเดือนที่มีสิทธิได้รับประโยชน์ทดแทน โดยจะได้รับเงินสงเคราะห์บุตรเหมาจ่ายเดือนละ 600 บาท/บุตร 1 คน/เดือน คราวละไม่เกิน 3 คน ตั้งแต่แรกเกิดจนถึง 6 ปีบริบูรณ์
**หมายเหตุ (ต้องเป็นบุตรชอบด้วยกฎหมาย)**",True,"สวัสดีค่ะ ดิฉันน้องออมสุข จากสำนักงานประกันสังคม ยินดีช่วยตรวจข้อมูล ‘คู่มือผู้ประกันตน’ ค่ะ

ผู้ประกันตนที่ส่งเงินสมทบครบ 12 เดือน ภายใน 36 เดือน ก่อนเดือนที่มีสิทธิได้รับประโยชน์ทดแทน จะได้รับเงินสงเคราะห์บุตรเหมาจ่ายเดือนละ 600 บาทต่อบุตร 1 คน ต่อเดือน คราวละไม่เกิน 3 คน ตั้งแต่แรกเกิดจนถึง 6 ปีบริบูรณ์ค่ะ

หากบุตรเป็นบุตรโดยชอบด้วยกฎหมาย และผู้ประกันตนเสียชีวิต หรือเป็นผู้ทุพพลภาพ จะยังคงได้รับเงินสงเคราะห์บุตรต่อไปจนกว่าบุตรจะมีอายุครบ 6 ปีบริบูรณ์ค่ะ

ไม่ทราบว่าสนใจรายละเอียดตรงไหนเพิ่มเติมไหมคะ?",True,"Retrieval is acceptable as it includes the expected chunk. The answer accurately covers the key conditions (12/36 months, 600 บาท/คน/เดือน, ไม่เกิน 3 คน, ถึง 6 ปี และบุตรโดยชอบด้วยกฎหมาย) and adds a plausible extra detail without contradiction. Overall correct and acceptable."
16,2,ถ้าตายแล้วลูกยังได้เงินมั้ยครับ,10,"9,27,10,1,28,12,40,20,15,36,2,29",กรณีได้รับมติเป็นผู้ทุพพลภาพหรือถึงแก่ความตาย ให้ได้รับเงินสงเคราะห์บุตร ต่อไปจนบุตรมีอายุครบ 6 ปีบริบูรณ์,True,"สวัสดีค่ะ ดิฉันน้องออมสุข จากสำนักงานประกันสังคม ยินดีช่วยตรวจข้อมูล ‘คู่มือผู้ประกันตน’ ค่ะ

กรณีผู้ประกันตนเสียชีวิต หากผู้ประกันตนได้ส่งเงินสมทบครบ 12 เดือน ภายใน 36 เดือน ก่อนเดือนที่มีสิทธิได้รับประโยชน์ทดแทน จะได้รับเงินสงเคราะห์บุตรเหมาจ่ายเดือนละ 600 บาทต่อบุตร 1 คน ต่อเดือน คราวละไม่เกิน 3 คน ตั้งแต่แรกเกิดจนถึง 6 ปีบริบูรณ์ค่ะ

หากบุตรเป็นบุตรโดยชอบด้วยกฎหมาย และผู้ประกันตนเสียชีวิต จะยังคงได้รับเงินสงเคราะห์บุตรต่อไปจนกว่าบุตรจะมีอายุครบ 6 ปีบริบูรณ์ค่ะ

ไม่ทราบว่าสนใจรายละเอียดตรงไหนเพิ่มเติมไหมคะ?",True,Retrieval includes the expected chunk. The answer correctly states that the child allowance continues until age 6 and adds relevant conditions and amounts; it is more detailed but consistent with the expected meaning.
17,1,กรณีทุพพลภาพเบิกค่ารักษาผู้ป่วยนอกได้เท่าไหร่ครับ,8,"8,3,27,39,2,5,1,36,28,7,43,18",คุณต้องการทราบรายละเอียดการเบิกรักษาพยาบาลสถานพยาบาลของ รัฐ หรือ เอกชน ครับ,True,"กรณีทุพพลภาพ ผู้ป่วยนอก ได้รับค่าบริการทางการแพทย์เท่าที่จ่ายจริงไม่เกินเดือนละ 2,000 บาทค่ะ มีเรื่องอื่น ๆ อยากสอบถามเพิ่มเติมไหมคะ?",False,"Retrieval is acceptable since the expected chunk is included. However, the answer provides a fixed amount (2,000 THB/month) without clarifying whether it’s for state or private facilities as required by the expected response, leading to a potentially inaccurate/oversimplified answer."
17,2,เอกชนครับ,8,"3,4,43,1,22,14,6,30,2,29,15,5","สถานพยาบาลเอกชน
กรณีผู้ป่วยนอก ได้รับค่าบริการทางการแพทย์เท่าที่จ่ายจริงไม่เกินเดือนละ 2,000 บาท",False,"กรณีทุพพลภาพ ผู้ป่วยนอก โรงพยาบาลเอกชน ได้รับค่าบริการทางการแพทย์เท่าที่จ่ายจริงไม่เกินเดือนละ 2,000 บาทค่ะ มีเรื่องอื่น ๆ อยากสอบถามเพิ่มเติมไหมคะ?",False,"Answer content is mostly correct (private hospital OPD up to 2,000 THB/month) though it adds the disability context; however, retrieval missed the expected chunk (8) entirely, indicating poor retrieval."
18,1,ขอทราบรายละเอียดเกี่ยวกับการเปลี่ยนอวัยวะกระจกตา,2,"2,39,1,44,36,38,6,5,29,8,15,46","การเปลี่ยนอวัยวะกระจกตา
ผู้ประกันตนที่มีความประสงค์จะเปลี่ยนกระจกตา จะต้องได้รับการอนุมัติสิทธิจากสำนักงานเพื่อเข้ารับการผ่าตัดเปลี่ยนกระจกตาในสถานพยาบาลที่ทำความตกลงก่อนเข้ารับบริการ โดยสำนักงานเหมาจ่ายค่าบริการทางการแพทย์ให้แก่สถานพยาบาลในความตกลง ในอัตรา 35,000 บาท และจ่ายค่าจัดเก็บและรักษาคุณภาพดวงตาแก่สภากาชาดไทยในอัตราดวงละ 15,000 บาท กรณีที่มีการผ่าตัดกระจกตาร่วมกับการผ่าตัดต้อกระจกและใส่เลนส์เทียมเหมาจ่ายค่าเลนส์เทียมให้สถานพยาบาลตามอัตราที่ปรากฏในบัญชีรายการและอัตราค่าอวัยวะเทียมและอุปกรณ์ในการบำบัดรักษาโรค",True,"การเปลี่ยนอวัยวะกระจกตา ผู้ประกันตนที่มีความประสงค์จะเปลี่ยนกระจกตา จะต้องได้รับการอนุมัติสิทธิจากสำนักงานเพื่อเข้ารับการผ่าตัดเปลี่ยนกระจกตาในสถานพยาบาลที่ทำความตกลงก่อนเข้ารับบริการค่ะ

สำนักงานจะเหมาจ่ายค่าบริการทางการแพทย์ให้แก่สถานพยาบาลในความตกลง ในอัตรา 35,000 บาท และจ่ายค่าจัดเก็บและรักษาคุณภาพดวงตาแก่สภากาชาดไทยในอัตราดวงละ 15,000 บาทค่ะ

ในกรณีที่มีการผ่าตัดกระจกตาร่วมกับการผ่าตัดต้อกระจกและใส่เลนส์เทียม สำนักงานจะเหมาจ่ายค่าเลนส์เทียมให้สถานพยาบาลตามอัตราที่ปรากฏในบัญชีรายการและอัตราค่าอวัยวะเทียมและอุปกรณ์ในการบำบัดรักษาโรคค่ะ

ไม่ทราบว่าสนใจรายละเอียดตรงไหนเพิ่มเติมไหมคะ?",True,"Retrieval includes the correct expected chunk (2), despite extra chunks. The answer accurately matches the expected details (approval required, 35,000/15,000 THB rates, and coverage for IOL when combined with cataract surgery). Stylistic additions are acceptable."
19,1,ผมประสบอุบัติเหตุที่ต่างจังหวัด ไปรพ.ที่ลงทะเบียนไว้ไม่ได้ ถ้าผมไปเข้า รพ.เอกชน ในต่างจังหวัด จะเบิกได้ไหม,2,"4,43,3,8,1,2,46,7,22,27,6,13",ได้ครับ คุณต้องการทราบรายละเอียดการเบิกรักษาพยาบาลสถานพยาบาลของ รัฐ หรือ เอกชน ครับ,True,"สวัสดีค่ะ ดิฉันน้องออมสุข จากสำนักงานประกันสังคม ยินดีช่วยตรวจข้อมูล ‘คู่มือผู้ประกันตน’ ค่ะ

กรณีประสบอุบัติเหตุฉุกเฉินและไม่สามารถเข้ารับบริการ ณ สถานพยาบาลที่ลงทะเบียนสิทธิไว้ได้ หากเข้ารับการรักษาที่โรงพยาบาลเอกชนอื่น สำนักงานประกันสังคมจะจ่ายค่าบริการทางการแพทย์ให้ตามความจำเป็นค่ะ

โดยมีรายละเอียดดังนี้ค่ะ
*   **ผู้ป่วยนอก:** ได้รับค่าบริการทางการแพทย์ตามจำนวนที่จ่ายจริง ไม่เกิน 1,000 บาท
*   **ผู้ป่วยใน:** ได้รับค่าบริการทางการแพทย์เฉพาะค่าใช้จ่ายที่เกิดขึ้นจริงตามความจำเป็น ภายในระยะเวลาไม่เกิน 72 ชั่วโมงแรก โดยไม่รวมวันหยุดราชการ

ทั้งนี้ จะมีวงเงินสูงสุดสำหรับค่ารักษาพยาบาลไม่เกินวันละ 2,000 บาท และค่าห้องและค่าอาหารไม่เกินวันละ 700 บาทค่ะ หากเป็นการรักษาในห้อง ICU จะได้รับค่าใช้จ่ายตามจริงแต่ไม่เกินวันละ 4,500 บาทค่ะ

ไม่ทราบว่าสนใจรายละเอียดตรงไหนเพิ่มเติมไหมคะ?",True,"Retrieval is acceptable as it includes the expected chunk. The answer correctly addresses that treatment at a private hospital can be reimbursed in an emergency and provides useful coverage details. Slight deviation from the expected follow-up question (public vs private), but overall content is relevant and acceptable."
19,2,รพ.รัฐครับ,2,"3,2,4,6,36,8,1,5,7,27,23,43","กรณีการประสบอันตรายหรือเจ็บป่วยฉุกเฉิน ไม่สามารถเข้ารับบริการ ณ สถานพยาบาลที่กำหนดสิทธิได้ เมื่อเข้ารับการบริการทางการแพทย์ ณ สถานพยาบาลอื่น สำนักงานประกันสังคมจ่ายค่าบริการทางการแพทย์ให้แก่ผู้ประกันตนหรือสถานพยาบาลดังนี้
โรงพยาบาลรัฐบาล
ผู้ป่วยนอก สำนักงานประกันสังคมจ่ายค่าบริการทางการแพทย์เท่าที่จ่ายจริงตามความจำเป็น
ผู้ป่วยใน สำนักงานประกันสังคมจ่ายค่าบริการทางการแพทย์ตามความจำเป็น ไม่เกิน 72 ชั่วโมงแรก ไม่รวมระยะเวลาในวันหยุดราชการ ยกเว้นค่าห้อง และค่าอาหารเท่าที่จ่ายจริงไม่เกิน 700 บาท/วัน",True,"สวัสดีค่ะ ดิฉันน้องออมสุข จากสำนักงานประกันสังคม ยินดีช่วยตรวจข้อมูล ‘คู่มือผู้ประกันตน’ ค่ะ

กรณีประสบอุบัติเหตุฉุกเฉินและไม่สามารถเข้ารับบริการ ณ สถานพยาบาลที่ลงทะเบียนสิทธิไว้ได้ หากเข้ารับการรักษาที่โรงพยาบาลรัฐอื่น สำนักงานประกันสังคมจะจ่ายค่าบริการทางการแพทย์ให้ตามความจำเป็นค่ะ

โดยมีรายละเอียดดังนี้ค่ะ
*   **ผู้ป่วยนอก:** สำนักงานประกันสังคมจ่ายค่าบริการทางการแพทย์เท่าที่จ่ายจริงตามความจำเป็นค่ะ
*   **ผู้ป่วยใน:** สำนักงานประกันสังคมจ่ายค่าบริการทางการแพทย์ตามความจำเป็น ไม่เกิน 72 ชั่วโมงแรก โดยไม่รวมระยะเวลาในวันหยุดราชการค่ะ ยกเว้นค่าห้องและค่าอาหาร จะจ่ายเท่าที่จ่ายจริงไม่เกิน 700 บาทต่อวันค่ะ

ไม่ทราบว่าสนใจรายละเอียดตรงไหนเพิ่มเติมไหมคะ?",True,"Answer matches the expected details (OP/IP coverage, 72-hour limit, room/food up to 700/day) and is contextually appropriate. Retrieval includes the expected chunk (2) despite extra chunks. Overall correct and acceptable."
20,1,ผมเปิดบริษัทอยู่จังหวัดเชียงใหม่ ต้องไปขึ้นทะเบียนให้ลูกจ้างที่ไหน,1,"52,45,46,1,51,49,0,32,23,43,41,44","นายจ้าง ที่มีสำนักงานใหญ่ในส่วนภูมิภาคให้ยื่นแบบขึ้นทะเบียนได้ที่สำนักงานประกันสังคมจังหวัดที่สถานประกอบการตั้งอยู่
***นายจ้างสามารถทำธุรกรรมผ่านทางinternet ได้ที่ www.sso.go.th***",True,"สวัสดีค่ะ ดิฉันน้องออมสุข จากสำนักงานประกันสังคม ยินดีช่วยตรวจข้อมูล ‘คู่มือผู้ประกันตน’ ค่ะ

นายจ้างที่มีสำนักงานใหญ่ในส่วนภูมิภาค ให้ยื่นแบบขึ้นทะเบียนได้ที่สำนักงานประกันสังคมจังหวัดที่สถานประกอบการตั้งอยู่ค่ะ

ไม่ทราบว่าสนใจรายละเอียดตรงไหนเพิ่มเติมไหมคะ?",True,การดึงข้อมูลยอมรับได้เพราะมี chunk ที่คาดไว้ (แม้จะดึงมาเกินจำเป็น). คำตอบถูกต้องตามสาระหลัก แต่ขาดการระบุว่าสามารถทำธุรกรรมผ่านอินเทอร์เน็ตที่ www.sso.go.th
20,2,ขอเบอร์ติดต่อสำนักงานได้ไหม,52,"45,52,49,46,1,14,21,19,0,39,38,4",สำนักงานประกันสังคมจังหวัดเชียงใหม่ 053112629-30,True,"สวัสดีค่ะ ดิฉันน้องออมสุข จากสำนักงานประกันสังคม ยินดีช่วยตรวจข้อมูล ‘คู่มือผู้ประกันตน’ ค่ะ

หากต้องการติดต่อสำนักงานประกันสังคม สามารถติดต่อได้ที่ สายด่วน 1506 ตลอด 24 ชั่วโมงค่ะ

ไม่ทราบว่าสนใจรายละเอียดตรงไหนเพิ่มเติมไหมคะ?",False,"Retrieval is acceptable as it includes the expected chunk (52), but the answer fails to provide the specific office phone number and instead gives only the general hotline. Essential information is missing, so the answer content is inadequate."
21,1,เงินค่าเทอมลูกเบิกได้เท่าไหร่ ,,"10,7,5,31,28,1,9,27,18,8,36,2",ขออภัยครับ ข้อมูลนี้ยังไม่มีในฐานข้อมูลของระบบในขณะนี้,True,"สวัสดีค่ะ ดิฉันน้องออมสุข จากสำนักงานประกันสังคม ยินดีช่วยตรวจข้อมูล ‘คู่มือผู้ประกันตน’ ค่ะ

จากข้อมูลในคู่มือผู้ประกันตน ไม่พบรายละเอียดเกี่ยวกับสิทธิประโยชน์ในการเบิกค่าเล่าเรียนหรือค่าเทอมของบุตรค่ะ

ไม่ทราบว่าสนใจรายละเอียดเกี่ยวกับสิทธิประโยชน์อื่น ๆ ของผู้ประกันตนเพิ่มเติมไหมคะ?",True,"Answer appropriately indicates the information isn’t available, aligning with the expected response. Retrieval can’t be assessed since no expected chunks were specified. Overall content is acceptable."
22,1,ประกันสังคมครอบคุมถึงประกันสุขภาพส่วนตัวไหม ,,"6,1,15,0,21,25,20,48,28,22,18,10",ขออภัยครับ ข้อมูลนี้ยังไม่มีในฐานข้อมูลของระบบในขณะนี้,True,"สวัสดีค่ะ ดิฉันน้องออมสุข จากสำนักงานประกันสังคม ยินดีช่วยตรวจข้อมูล ‘คู่มือผู้ประกันตน’ ค่ะ

ประกันสังคมไม่ได้ครอบคลุมถึงประกันสุขภาพส่วนตัวค่ะ ประกันสังคมจะให้ความคุ้มครองในกรณีต่างๆ เช่น เจ็บป่วย คลอดบุตร ทุพพลภาพ ตาย สงเคราะห์บุตร ชราภาพ และว่างงานค่ะ

ไม่ทราบว่าสนใจรายละเอียดในส่วนไหนเพิ่มเติมไหมคะ?",False,"Expected a “no data in the system” response, but the model provided a definitive answer and extra details not supported by the KB. Retrieval also appears off since no expected chunks were indicated, yet many chunks were used."
23,1,อยากได้ปฏิทินประกันสังคม ติดต่อขอรับได้ที่ไหน ,,"25,21,1,52,0,49,19,14,39,46,15,17",ขออภัยครับ ข้อมูลนี้ยังไม่มีในฐานข้อมูลของระบบในขณะนี้,True,"สวัสดีค่ะ ดิฉันน้องออมสุข จากสำนักงานประกันสังคม ยินดีช่วยตรวจข้อมูล ‘คู่มือผู้ประกันตน’ ค่ะ

หากต้องการปฏิทินประกันสังคม สามารถติดต่อขอรับได้ที่สำนักงานประกันสังคมกรุงเทพมหานครพื้นที่ หรือสำนักงานประกันสังคมจังหวัดที่สถานประกอบการตั้งอยู่ค่ะ

ไม่ทราบว่าสนใจรายละเอียดตรงไหนเพิ่มเติมไหมคะ?",False,"Expected response was to state no data available, but the model provided specific guidance instead, contradicting the expected answer. Retrieval cannot be assessed due to no expected chunk, but the main issue is with answer content."
24,1,เราสามารถเบิกเคลมค่าพักที่อยู่อาศัยจากกระกันสังคมได้ไหม ,,"27,1,30,2,14,28,17,7,15,51,26,19",ขออภัยครับ ข้อมูลนี้ยังไม่มีในฐานข้อมูลของระบบในขณะนี้,True,"สวัสดีค่ะ ดิฉันน้องออมสุข จากสำนักงานประกันสังคม ยินดีช่วยตรวจข้อมูล ‘คู่มือผู้ประกันตน’ ค่ะ

ขออภัยค่ะ ข้อมูลส่วนนี้ไม่ปรากฏใน คู่มือผู้ประกันตน ที่ฉันเข้าถึงในตอนนี้ จึงยังยืนยันให้ไม่ได้ค่ะ มีเรื่องอื่นๆสอบถามเพิ่มเติมไหมคะ.",True,Answer matches the expected response by stating the information is not available. Retrieval cannot be assessed since no expected chunks were provided.
25,1,ในกรณีที่ทำงานอยู่เมืองนอกแล้วต้องการส่งประกันสังคมทำได้ไหม,,"1,17,25,21,15,46,44,49,20,0,14,36",ขออภัยครับ ข้อมูลนี้ยังไม่มีในฐานข้อมูลของระบบในขณะนี้,True,"สวัสดีค่ะ ดิฉันน้องออมสุข จากสำนักงานประกันสังคม ยินดีช่วยตรวจข้อมูล ‘คู่มือผู้ประกันตน’ ค่ะ

การส่งเงินสมทบประกันสังคมนั้น จะเป็นการส่งเงินสมทบจากผู้ที่ทำงานในประเทศไทยค่ะ หากคุณทำงานอยู่ต่างประเทศ จะไม่สามารถส่งเงินสมทบในระบบประกันสังคมของประเทศไทยได้ค่ะ

ไม่ทราบว่าสนใจรายละเอียดตรงไหนเพิ่มเติมไหมคะ?",False,"Expected response was to state the information is not available, but the model provided a definitive policy answer instead. Retrieval does not align with any expected chunk and the answer content deviates from the intended response."
26,1,ทำงานบริษัทต่างชาติในไทย แต่ว่าบริษัทนั้นไม่ได้จดทะเบียนที่ไทย เป็นการทำงานแบบ remote work เราสามารถส่งประกันสังคมเองได้ไหม ,,"23,1,25,49,14,19,15,26,21,51,44,0",ขออภัยครับ ข้อมูลนี้ยังไม่มีในฐานข้อมูลของระบบในขณะนี้,True,"สวัสดีค่ะ ดิฉันน้องออมสุข จากสำนักงานประกันสังคม ยินดีช่วยตรวจข้อมูล ‘คู่มือผู้ประกันตน’ ค่ะ

สำหรับกรณีของคุณที่ทำงานแบบ remote work ให้กับบริษัทต่างชาติที่ไม่ได้จดทะเบียนในไทยนั้น หากคุณต้องการส่งเงินสมทบประกันสังคมด้วยตนเอง สามารถสมัครเป็นผู้ประกันตนมาตรา 40 ได้ค่ะ

คุณสมบัติของผู้สมัครมาตรา 40 มีดังนี้ค่ะ
*   มีสัญชาติไทย
*   อายุไม่ต่ำกว่า 15 ปีบริบูรณ์ และไม่เกิน 60 ปีบริบูรณ์
*   ไม่เป็นผู้ประกันตนมาตรา 33 หรือมาตรา 39
*   ไม่เป็นสมาชิกกองทุนบำเหน็จบำนาญข้าราชการ หรือกองทุนอื่นของรัฐที่มีลักษณะเดียวกัน

หากคุณมีคุณสมบัติตรงตามนี้ สามารถสมัครได้ที่สำนักงานประกันสังคม หรือสมัครผ่านทางเว็บไซต์ www.sso.go.th ค่ะ

ไม่ทราบว่าสนใจรายละเอียดเกี่ยวกับมาตรา 40 เพิ่มเติมไหมคะ",False,"Answer provides specific guidance (Section 40) instead of the expected “no information available” response, so it does not align with the expected answer. Retrieval cannot be assessed since expected chunks are not provided."
27,1,เราเป็นคนขับ Taxi แล้วดันไปขับรถชนสุนัขได้รับบาดเจ็บ เจ้าของสุนัขมาเรียกเงินกับเรา กรณีแบบนี้ทางประกันสังคมช่วยไรได้ไหม ,,"1,36,46,18,15,28,9,27,49,43,21,29",ขออภัยครับ ข้อมูลนี้ยังไม่มีในฐานข้อมูลของระบบในขณะนี้,True,"สวัสดีค่ะ ดิฉันน้องออมสุข จากสำนักงานประกันสังคม ยินดีช่วยตรวจข้อมูล ‘คู่มือผู้ประกันตน’ ค่ะ

กรณีที่คุณขับรถชนสุนัขได้รับบาดเจ็บ และเจ้าของสุนัขมาเรียกเงินนั้น ข้อมูลในคู่มือผู้ประกันตนไม่ได้ระบุถึงความคุ้มครองในกรณีดังกล่าวค่ะ

ไม่ทราบว่าสนใจรายละเอียดเกี่ยวกับสิทธิประโยชน์อื่นๆ ของผู้ประกันตนเพิ่มเติมไหมคะ",True,"Answer conveys that the information is not available in the guide, which aligns with the expected response. Retrieval can't be assessed since no expected chunks were provided. Content is acceptable and on-topic."
28,1,ประกันสังคมตั้งอยู่ที่ตุก SKY9 Tower จริงหรอ ผู้ประกันตนสามารถรู้ได้ไหมว่าประกันสังคมเอาเงินของผู้กระกันตนไปลงทุนที่ไหนบ้าง ,,"1,0,25,19,21,20,14,15,18,9,2,26",ขออภัยครับ ข้อมูลนี้ยังไม่มีในฐานข้อมูลของระบบในขณะนี้,True,"สวัสดีค่ะ ดิฉันน้องออมสุข จากสำนักงานประกันสังคม ยินดีช่วยตรวจข้อมูล ‘คู่มือผู้ประกันตน’ ค่ะ

ขออภัยค่ะ ข้อมูลส่วนนี้ไม่ปรากฏใน คู่มือผู้ประกันตน ที่ฉันเข้าถึงในตอนนี้ จึงยังยืนยันให้ไม่ได้ค่ะ มีเรื่องอื่นๆสอบถามเพิ่มเติมไหมคะ.",True,"Answer appropriately states the information is unavailable, aligning with the expected response. Retrieval can’t be evaluated due to missing expected chunks; content is acceptable though slightly verbose."
29,1,ได้ยินข่าวมาว่าประกันสังคมถ้าไม่มีคนใหม่ส่งเงิน เงินจะไม่พอหรอ ตอนนี้เราอายุ 40 เราส่งมาแล้ว 20 ปี แต่เด็กรุ่นใหม่เริ่มไม่ส่งแล้ว ตอนเรา 60 เราจะได้เงินอยู่ไหม,,"28,10,6,1,27,12,7,9,18,20,23,21",ขออภัยครับ ข้อมูลนี้ยังไม่มีในฐานข้อมูลของระบบในขณะนี้,True,"สวัสดีค่ะ ดิฉันน้องออมสุข จากสำนักงานประกันสังคม ยินดีช่วยตรวจข้อมูล ‘คู่มือผู้ประกันตน’ ค่ะ

สำหรับกรณีชราภาพ หากส่งเงินสมทบมาแล้ว 180 เดือนขึ้นไป เมื่ออายุครบ 55 ปีบริบูรณ์ จะได้รับเป็นเงินบำนาญชราภาพรายเดือนตลอดชีวิตค่ะ

หากส่งเงินสมทบมาแล้ว 15 ปีขึ้นไป จะได้รับเงินบำนาญชราภาพร้อยละ 20 ของค่าจ้างเฉลี่ย 60 เดือนสุดท้ายที่ใช้เป็นฐานในการคำนวณเงินสมทบค่ะ หากส่งเงินสมทบมากกว่า 15 ปี จะปรับเพิ่มอีกร้อยละ 1.5 ต่อระยะเวลาการจ่ายเงินสมทบครบทุก 12 เดือนค่ะ

ไม่ทราบว่าสนใจรายละเอียดตรงไหนเพิ่มเติมไหมคะ?",False,The response provides general pension eligibility details but does not address the user’s core concern about fund solvency and contradicts the expected “no data available” reply. Retrieval also mismatches since the expected had no relevant chunks.
